8,14,1,2,"2009/02/01","2009/02/01 05:00:00","2009/02/01 06:30:00","","",False
8,14,1,1,"2009/02/01","2009/02/01 05:00:00","2009/02/01 06:30:00","","",False
8,5,1,1,"2009/02/01","2009/02/01 10:00:00","2009/02/01 12:00:00","","",False
8,5,1,2,"2009/02/01","2009/02/01 10:00:00","2009/02/01 12:00:00","","",False
11,32,3,2,"2009/02/01","2009/02/01 10:00:00","2009/02/01 17:00:00","","",False
11,32,3,1,"2009/02/01","2009/02/01 10:00:00","2009/02/01 17:00:00","","",False
9,27,51,1,"2009/02/01","2009/02/01 10:00:00","2009/02/01 11:00:00","","",False
8,3,2,2,"2009/02/01","2009/02/01 12:00:00","2009/02/01 14:00:00","","",False
8,3,2,1,"2009/02/01","2009/02/01 12:00:00","2009/02/01 14:00:00","","",False
8,3,3,1,"2009/02/01","2009/02/01 14:00:00","2009/02/01 16:00:00","","",False
8,3,3,2,"2009/02/01","2009/02/01 14:00:00","2009/02/01 16:00:00","","",False
8,3,1,2,"2009/02/01","2009/02/01 16:00:00","2009/02/01 17:30:00","","",False
8,3,1,1,"2009/02/01","2009/02/01 16:00:00","2009/02/01 17:30:00","","",False
11,32,1,1,"2009/02/01","2009/02/01 17:00:00","2009/02/01 18:00:00","","",False
11,32,1,2,"2009/02/01","2009/02/01 17:00:00","2009/02/01 18:00:00","","",False
20,3,1,2,"2009/02/01","2009/02/01 18:30:00","2009/02/01 19:30:00","","",False
20,3,1,1,"2009/02/01","2009/02/01 18:30:00","2009/02/01 19:30:00","","",False
8,5,1,1,"2009/02/01","2009/02/01 19:30:00","2009/02/01 21:00:00","","",False
8,5,1,2,"2009/02/01","2009/02/01 19:30:00","2009/02/01 21:00:00","","",False
23,3,51,2,"2009/02/01","2009/02/01 20:00:00","2009/02/01 20:30:00","","",False
23,3,51,1,"2009/02/01","2009/02/01 20:00:00","2009/02/01 20:30:00","","",False
8,36,1,1,"2009/02/01","2009/02/01 23:00:00","2009/02/02 00:00:00","","",False
8,36,1,2,"2009/02/01","2009/02/01 23:00:00","2009/02/02 00:00:00","","",False
8,19,1,2,"2009/02/02","2009/02/02 05:00:00","2009/02/02 06:30:00","","",False
8,19,1,1,"2009/02/02","2009/02/02 05:00:00","2009/02/02 06:30:00","","",False
24,5,3,1,"2009/02/02","2009/02/02 09:00:00","2009/02/02 12:00:00","äwçZë„ãxì˙ÇÃà◊ÕŸÃﬂäÛñ] é©ëÓå}Ç¶","",False
1,2,3,1,"2009/02/02","2009/02/02 09:00:00","2009/02/02 10:00:00","","",False
1,2,3,2,"2009/02/02","2009/02/02 09:00:00","2009/02/02 10:00:00","","",False
24,5,3,2,"2009/02/02","2009/02/02 09:00:00","2009/02/02 12:00:00","","",False
9,1,3,2,"2009/02/02","2009/02/02 09:00:00","2009/02/02 10:00:00","ìñì˙∑¨›æŸ","",True
9,1,3,1,"2009/02/02","2009/02/02 09:00:00","2009/02/02 10:00:00","","",True
15,8,52,1,"2009/02/02","2009/02/02 09:30:00","2009/02/02 10:30:00","","",False
15,8,52,2,"2009/02/02","2009/02/02 09:30:00","2009/02/02 10:30:00","","",False
5,1,1,2,"2009/02/02","2009/02/02 10:30:00","2009/02/02 11:30:00","","",False
8,32,1,2,"2009/02/02","2009/02/02 10:30:00","2009/02/02 12:00:00","","",False
6,21,1,2,"2009/02/02","2009/02/02 10:30:00","2009/02/02 12:30:00","","",False
6,21,1,1,"2009/02/02","2009/02/02 10:30:00","2009/02/02 12:30:00","ÿ Àﬁÿ","",False
8,32,1,1,"2009/02/02","2009/02/02 10:30:00","2009/02/02 12:00:00","","",False
5,1,1,1,"2009/02/02","2009/02/02 10:30:00","2009/02/02 11:30:00","","",False
8,32,2,1,"2009/02/02","2009/02/02 12:00:00","2009/02/02 14:00:00","","",False
8,32,2,2,"2009/02/02","2009/02/02 12:00:00","2009/02/02 14:00:00","","",False
19,43,51,2,"2009/02/02","2009/02/02 14:30:00","2009/02/02 15:00:00","","",False
26,2,51,1,"2009/02/02","2009/02/02 14:30:00","2009/02/02 15:00:00","ê¬ñÿëóÇË","",False
26,2,51,2,"2009/02/02","2009/02/02 14:30:00","2009/02/02 15:00:00","","",False
19,43,51,1,"2009/02/02","2009/02/02 14:30:00","2009/02/02 15:00:00","ê¬ñÿÿ Àﬁÿ","",False
5,1,1,1,"2009/02/02","2009/02/02 15:00:00","2009/02/02 16:00:00","ñ{ì˙ÇÊÇËìßêÕ4éûä‘Ç…Ç»ÇÈ","",False
5,1,1,2,"2009/02/02","2009/02/02 15:00:00","2009/02/02 16:00:00","","",False
11,31,3,2,"2009/02/02","2009/02/02 15:20:00","2009/02/02 16:20:00","","",False
11,31,3,1,"2009/02/02","2009/02/02 15:20:00","2009/02/02 16:20:00","","",False
1,2,3,1,"2009/02/02","2009/02/02 15:30:00","2009/02/02 16:30:00","","",False
1,2,3,2,"2009/02/02","2009/02/02 15:30:00","2009/02/02 16:30:00","","",False
8,5,1,2,"2009/02/02","2009/02/02 16:00:00","2009/02/02 17:30:00","","",False
8,5,1,1,"2009/02/02","2009/02/02 16:00:00","2009/02/02 17:30:00","","",False
11,31,1,1,"2009/02/02","2009/02/02 16:20:00","2009/02/02 17:20:00","","",False
11,31,1,2,"2009/02/02","2009/02/02 16:20:00","2009/02/02 17:20:00","","",False
15,8,51,2,"2009/02/02","2009/02/02 17:00:00","2009/02/02 18:30:00","","",False
15,8,51,1,"2009/02/02","2009/02/02 17:00:00","2009/02/02 18:30:00","","",False
8,5,1,2,"2009/02/02","2009/02/02 19:30:00","2009/02/02 21:00:00","","",False
8,5,1,1,"2009/02/02","2009/02/02 19:30:00","2009/02/02 21:00:00","","",False
8,5,1,1,"2009/02/02","2009/02/02 23:00:00","2009/02/03 00:00:00","","",False
8,5,1,2,"2009/02/02","2009/02/02 23:00:00","2009/02/03 00:00:00","","",False
8,19,1,2,"2009/02/03","2009/02/03 05:00:00","2009/02/03 06:30:00","","",False
8,19,1,1,"2009/02/03","2009/02/03 05:00:00","2009/02/03 06:30:00","","",False
4,2,1,2,"2009/02/03","2009/02/03 07:00:00","2009/02/03 08:00:00","","",False
4,2,1,1,"2009/02/03","2009/02/03 07:00:00","2009/02/03 08:00:00","","",False
8,13,1,1,"2009/02/03","2009/02/03 10:00:00","2009/02/03 12:00:00","","",False
8,13,1,2,"2009/02/03","2009/02/03 10:00:00","2009/02/03 12:00:00","","",False
13,9,3,2,"2009/02/03","2009/02/03 10:00:00","2009/02/03 15:00:00","","",False
13,9,3,1,"2009/02/03","2009/02/03 10:00:00","2009/02/03 15:00:00","íãêHÇ†ÇË çÏïiìW ïÍìØçs§ïÍÇÃé‘Ç…Çƒà⁄ìÆ","",False
26,2,51,1,"2009/02/03","2009/02/03 10:00:00","2009/02/03 10:30:00","ãLò^09:00Ç©ÇÁ09:30ÇÃä‘ í√ìcëóÇË","",False
19,43,51,1,"2009/02/03","2009/02/03 10:00:00","2009/02/03 10:30:00","ãLò^ 09:00-09:30í√ìcà„â@ëóÇË","0930",False
19,43,51,2,"2009/02/03","2009/02/03 10:00:00","2009/02/03 10:30:00","ãLò^ 09:00-09:30í√ìcà„â@ëóÇË","",False
26,2,52,2,"2009/02/03","2009/02/03 10:00:00","2009/02/03 10:30:00","","",False
26,3,51,2,"2009/02/03","2009/02/03 11:30:00","2009/02/03 12:00:00","","",False
19,43,51,2,"2009/02/03","2009/02/03 11:30:00","2009/02/03 12:00:00","","",False
19,43,51,1,"2009/02/03","2009/02/03 11:30:00","2009/02/03 12:00:00","í√ìcà„â@å}Ç¶","",False
26,3,51,1,"2009/02/03","2009/02/03 11:30:00","2009/02/03 12:00:00","í√ìcå}Ç¶","",False
26,5,52,1,"2009/02/03","2009/02/03 12:30:00","2009/02/03 13:30:00","","",False
26,5,52,2,"2009/02/03","2009/02/03 12:30:00","2009/02/03 13:30:00","","",False
8,26,2,2,"2009/02/03","2009/02/03 14:00:00","2009/02/03 16:00:00","","",False
8,26,2,1,"2009/02/03","2009/02/03 14:00:00","2009/02/03 16:00:00","","",False
5,11,3,1,"2009/02/03","2009/02/03 14:00:00","2009/02/03 18:00:00","Y&H","",False
5,11,3,2,"2009/02/03","2009/02/03 14:00:00","2009/02/03 18:00:00","","",False
24,31,3,1,"2009/02/03","2009/02/03 14:50:00","2009/02/03 16:20:00","","",False
24,31,3,2,"2009/02/03","2009/02/03 14:50:00","2009/02/03 16:20:00","","",False
11,6,3,2,"2009/02/03","2009/02/03 15:20:00","2009/02/03 16:20:00","","",False
11,6,3,1,"2009/02/03","2009/02/03 15:20:00","2009/02/03 16:20:00","","",False
1,2,3,2,"2009/02/03","2009/02/03 15:30:00","2009/02/03 18:00:00","","",False
22,32,3,2,"2009/02/03","2009/02/03 15:30:00","2009/02/03 16:30:00","","",False
1,2,3,1,"2009/02/03","2009/02/03 15:30:00","2009/02/03 18:00:00","","",False
22,32,3,1,"2009/02/03","2009/02/03 15:30:00","2009/02/03 16:30:00","","",False
8,26,1,2,"2009/02/03","2009/02/03 16:00:00","2009/02/03 17:30:00","","",False
8,26,1,1,"2009/02/03","2009/02/03 16:00:00","2009/02/03 17:30:00","","",False
4,3,3,2,"2009/02/03","2009/02/03 16:00:00","2009/02/03 18:00:00","","",False
4,3,3,1,"2009/02/03","2009/02/03 16:00:00","2009/02/03 18:00:00","","",False
11,6,1,1,"2009/02/03","2009/02/03 16:20:00","2009/02/03 17:20:00","","",False
11,6,1,2,"2009/02/03","2009/02/03 16:20:00","2009/02/03 17:20:00","","",False
4,3,1,2,"2009/02/03","2009/02/03 18:00:00","2009/02/03 19:30:00","","",False
4,3,1,1,"2009/02/03","2009/02/03 18:00:00","2009/02/03 19:30:00","","",False
8,5,1,2,"2009/02/03","2009/02/03 19:30:00","2009/02/03 21:00:00","","",False
8,5,1,1,"2009/02/03","2009/02/03 19:30:00","2009/02/03 21:00:00","","",False
23,6,51,2,"2009/02/03","2009/02/03 20:00:00","2009/02/03 20:30:00","","",False
23,6,51,1,"2009/02/03","2009/02/03 20:00:00","2009/02/03 20:30:00","","",False
8,36,1,2,"2009/02/03","2009/02/03 23:00:00","2009/02/04 00:00:00","","",False
8,36,1,1,"2009/02/03","2009/02/03 23:00:00","2009/02/04 00:00:00","","",False
8,19,1,2,"2009/02/04","2009/02/04 05:00:00","2009/02/04 06:30:00","","",False
8,19,1,1,"2009/02/04","2009/02/04 05:00:00","2009/02/04 06:30:00","","",False
4,2,1,2,"2009/02/04","2009/02/04 07:00:00","2009/02/04 08:00:00","","",False
4,2,1,1,"2009/02/04","2009/02/04 07:00:00","2009/02/04 08:00:00","","",False
1,2,3,1,"2009/02/04","2009/02/04 09:00:00","2009/02/04 10:00:00","","",False
1,2,3,2,"2009/02/04","2009/02/04 09:00:00","2009/02/04 10:00:00","","",False
8,32,1,2,"2009/02/04","2009/02/04 10:00:00","2009/02/04 12:00:00","","",False
6,11,1,2,"2009/02/04","2009/02/04 10:00:00","2009/02/04 12:00:00","","",False
8,32,1,1,"2009/02/04","2009/02/04 10:00:00","2009/02/04 12:00:00","","",False
6,11,1,1,"2009/02/04","2009/02/04 10:00:00","2009/02/04 12:00:00","ó\ñÒ10:40ÿ Àﬁÿ","",False
5,3,1,1,"2009/02/04","2009/02/04 10:30:00","2009/02/04 11:30:00","","",False
5,3,1,2,"2009/02/04","2009/02/04 10:30:00","2009/02/04 11:30:00","","",False
8,32,2,2,"2009/02/04","2009/02/04 12:00:00","2009/02/04 14:00:00","","",False
8,32,2,1,"2009/02/04","2009/02/04 12:00:00","2009/02/04 14:00:00","åßóßìÚçËïaâ@ä·â»éÛêf13:20~ëÂóSëóÇË","",False
26,5,52,2,"2009/02/04","2009/02/04 12:00:00","2009/02/04 13:00:00","","",False
26,5,52,1,"2009/02/04","2009/02/04 12:00:00","2009/02/04 13:00:00","","",False
8,32,3,2,"2009/02/04","2009/02/04 14:00:00","2009/02/04 16:00:00","","",False
8,32,3,1,"2009/02/04","2009/02/04 14:00:00","2009/02/04 16:00:00","","",False
11,20,3,1,"2009/02/04","2009/02/04 14:30:00","2009/02/04 15:30:00","","",False
11,20,3,2,"2009/02/04","2009/02/04 14:30:00","2009/02/04 15:30:00","","",False
5,1,1,2,"2009/02/04","2009/02/04 15:00:00","2009/02/04 16:00:00","","",False
5,1,1,1,"2009/02/04","2009/02/04 15:00:00","2009/02/04 16:00:00","çÑåNëóÇË","",False
1,2,3,2,"2009/02/04","2009/02/04 15:30:00","2009/02/04 16:30:00","","",False
7,37,3,2,"2009/02/04","2009/02/04 15:30:00","2009/02/04 18:30:00","","",False
1,2,3,1,"2009/02/04","2009/02/04 15:30:00","2009/02/04 16:30:00","","",False
7,37,3,1,"2009/02/04","2009/02/04 15:30:00","2009/02/04 18:30:00","","",False
8,32,1,1,"2009/02/04","2009/02/04 16:00:00","2009/02/04 17:30:00","","",False
8,32,1,2,"2009/02/04","2009/02/04 16:00:00","2009/02/04 17:30:00","","",False
4,1,3,2,"2009/02/04","2009/02/04 16:00:00","2009/02/04 17:30:00","ëÃí≤ïsó«ÇÃà◊§ïÍÇ∆òAóçÇ∆ÇËëÅÇﬂÇ…ãAëÓÇ∑ÇÈ","",True
4,1,3,1,"2009/02/04","2009/02/04 16:00:00","2009/02/04 17:30:00","ëÂóSëŒâû","",False
11,6,1,1,"2009/02/04","2009/02/04 18:00:00","2009/02/04 19:00:00","","",False
11,6,1,2,"2009/02/04","2009/02/04 18:00:00","2009/02/04 19:00:00","","",False
8,5,1,2,"2009/02/04","2009/02/04 19:30:00","2009/02/04 21:00:00","","",False
20,32,1,2,"2009/02/04","2009/02/04 19:30:00","2009/02/04 20:30:00","","",False
8,5,1,1,"2009/02/04","2009/02/04 19:30:00","2009/02/04 21:00:00","","",False
20,32,1,1,"2009/02/04","2009/02/04 19:30:00","2009/02/04 20:30:00","","",False
23,8,51,1,"2009/02/04","2009/02/04 20:00:00","2009/02/04 20:30:00","","",False
23,8,51,2,"2009/02/04","2009/02/04 20:00:00","2009/02/04 20:30:00","","",False
8,3,1,2,"2009/02/04","2009/02/04 23:00:00","2009/02/05 00:00:00","","",False
8,3,1,1,"2009/02/04","2009/02/04 23:00:00","2009/02/05 00:00:00","","",False
8,19,1,1,"2009/02/05","2009/02/05 05:00:00","2009/02/05 06:30:00","","",False
8,19,1,2,"2009/02/05","2009/02/05 05:00:00","2009/02/05 06:30:00","","",False
4,2,1,2,"2009/02/05","2009/02/05 07:00:00","2009/02/05 08:00:00","","",False
4,2,1,1,"2009/02/05","2009/02/05 07:00:00","2009/02/05 08:00:00","","",False
1,2,3,2,"2009/02/05","2009/02/05 09:00:00","2009/02/05 10:00:00","","",False
1,2,3,1,"2009/02/05","2009/02/05 09:00:00","2009/02/05 10:00:00","","",False
8,3,1,2,"2009/02/05","2009/02/05 10:00:00","2009/02/05 12:00:00","","",False
8,3,1,1,"2009/02/05","2009/02/05 10:00:00","2009/02/05 12:00:00","ÇµÇ‹ÇΩÇ…îÂîAäÌâ»éÛêf","",False
13,9,3,1,"2009/02/05","2009/02/05 10:00:00","2009/02/05 14:00:00","Ç–Ç∆Ç›êÊê∂ é‘Ç¢Ç∑¿ﬁ›Ω ïÍÇÃé‘Ç…Çƒà⁄ìÆ","",False
13,9,3,2,"2009/02/05","2009/02/05 10:00:00","2009/02/05 14:00:00","","",False
26,5,52,2,"2009/02/05","2009/02/05 12:00:00","2009/02/05 13:00:00","","",False
26,5,52,1,"2009/02/05","2009/02/05 12:00:00","2009/02/05 13:00:00","â∫é}Ç≥ÇÒéÑópÇÃÇΩÇﬂç≤ñÏÇ≥ÇÒë„çs","",False
8,8,2,2,"2009/02/05","2009/02/05 14:00:00","2009/02/05 16:00:00","","",False
8,8,2,1,"2009/02/05","2009/02/05 14:00:00","2009/02/05 16:00:00","","",False
23,31,53,1,"2009/02/05","2009/02/05 14:00:00","2009/02/05 17:00:00","","",False
23,31,53,2,"2009/02/05","2009/02/05 14:00:00","2009/02/05 17:00:00","","",False
24,9,3,2,"2009/02/05","2009/02/05 14:50:00","2009/02/05 16:20:00","","",False
24,9,3,1,"2009/02/05","2009/02/05 14:50:00","2009/02/05 16:20:00","","",False
11,20,3,2,"2009/02/05","2009/02/05 15:20:00","2009/02/05 16:20:00","","",False
11,20,3,1,"2009/02/05","2009/02/05 15:20:00","2009/02/05 16:20:00","","",False
1,2,3,1,"2009/02/05","2009/02/05 15:30:00","2009/02/05 16:30:00","","",False
1,2,3,2,"2009/02/05","2009/02/05 15:30:00","2009/02/05 16:30:00","","",False
14,3,3,2,"2009/02/05","2009/02/05 15:30:00","2009/02/05 17:00:00","","",False
14,3,3,1,"2009/02/05","2009/02/05 15:30:00","2009/02/05 17:00:00","","",False
8,8,1,1,"2009/02/05","2009/02/05 16:00:00","2009/02/05 17:30:00","","",False
8,8,1,2,"2009/02/05","2009/02/05 16:00:00","2009/02/05 17:30:00","","",False
4,5,3,2,"2009/02/05","2009/02/05 16:00:00","2009/02/05 18:00:00","","",False
4,5,3,1,"2009/02/05","2009/02/05 16:00:00","2009/02/05 18:00:00","","",False
11,20,1,2,"2009/02/05","2009/02/05 16:20:00","2009/02/05 17:20:00","","",False
11,20,1,1,"2009/02/05","2009/02/05 16:20:00","2009/02/05 17:20:00","","",False
15,23,51,1,"2009/02/05","2009/02/05 17:30:00","2009/02/05 19:00:00","","",False
15,23,51,2,"2009/02/05","2009/02/05 17:30:00","2009/02/05 19:00:00","","",False
4,3,1,2,"2009/02/05","2009/02/05 18:00:00","2009/02/05 19:30:00","","",False
4,3,1,1,"2009/02/05","2009/02/05 18:00:00","2009/02/05 19:30:00","","",False
8,5,1,1,"2009/02/05","2009/02/05 19:30:00","2009/02/05 21:00:00","","",False
8,5,1,2,"2009/02/05","2009/02/05 19:30:00","2009/02/05 21:00:00","","",False
23,8,51,2,"2009/02/05","2009/02/05 20:00:00","2009/02/05 20:30:00","","",False
23,8,51,1,"2009/02/05","2009/02/05 20:00:00","2009/02/05 20:30:00","","",False
8,36,1,1,"2009/02/05","2009/02/05 23:00:00","2009/02/06 00:00:00","","",False
8,36,1,2,"2009/02/05","2009/02/05 23:00:00","2009/02/06 00:00:00","","",False
8,19,1,2,"2009/02/06","2009/02/06 05:00:00","2009/02/06 06:30:00","","",False
8,19,1,1,"2009/02/06","2009/02/06 05:00:00","2009/02/06 06:30:00","","",False
9,2,3,2,"2009/02/06","2009/02/06 09:00:00","2009/02/06 10:00:00","","",False
9,2,3,1,"2009/02/06","2009/02/06 09:00:00","2009/02/06 10:00:00","","",False
8,7,1,2,"2009/02/06","2009/02/06 10:00:00","2009/02/06 12:00:00","","",False
8,7,1,1,"2009/02/06","2009/02/06 10:00:00","2009/02/06 12:00:00","","",False
5,1,1,2,"2009/02/06","2009/02/06 10:30:00","2009/02/06 11:30:00","","",False
5,1,1,1,"2009/02/06","2009/02/06 10:30:00","2009/02/06 11:30:00","","",False
1,50,99,1,"2009/02/06","2009/02/06 11:11:00","2009/02/06 11:12:00","í∑èFŒ∞—îëÇËÇÃà◊ÕŸÃﬂÇ»Çµ°","",True
8,1,3,2,"2009/02/06","2009/02/06 12:00:00","2009/02/06 14:00:00","","",False
8,1,3,1,"2009/02/06","2009/02/06 12:00:00","2009/02/06 14:00:00","à„ó√ê∂ã¶éÛêf ó\ñÒ13:00","",False
8,8,2,1,"2009/02/06","2009/02/06 14:00:00","2009/02/06 16:00:00","","",False
8,8,2,2,"2009/02/06","2009/02/06 14:00:00","2009/02/06 16:00:00","","",False
5,3,1,2,"2009/02/06","2009/02/06 14:30:00","2009/02/06 15:30:00","","",False
5,3,1,1,"2009/02/06","2009/02/06 14:30:00","2009/02/06 15:30:00","","",False
6,21,1,1,"2009/02/06","2009/02/06 15:00:00","2009/02/06 17:00:00","ëÂ‡VêÊê∂êfé@ ó\ñÒ15:30","",False
6,21,1,2,"2009/02/06","2009/02/06 15:00:00","2009/02/06 17:00:00","","",False
11,20,3,2,"2009/02/06","2009/02/06 15:20:00","2009/02/06 16:20:00","","",False
11,20,3,1,"2009/02/06","2009/02/06 15:20:00","2009/02/06 16:20:00","","",False
24,31,3,1,"2009/02/06","2009/02/06 15:20:00","2009/02/06 16:20:00","","",False
24,31,3,2,"2009/02/06","2009/02/06 15:20:00","2009/02/06 16:20:00","","",False
22,3,3,1,"2009/02/06","2009/02/06 15:30:00","2009/02/06 16:30:00","","",False
22,3,3,2,"2009/02/06","2009/02/06 15:30:00","2009/02/06 16:30:00","","",False
8,8,1,2,"2009/02/06","2009/02/06 16:00:00","2009/02/06 17:30:00","","",False
8,8,1,1,"2009/02/06","2009/02/06 16:00:00","2009/02/06 17:30:00","","",False
11,20,1,1,"2009/02/06","2009/02/06 16:20:00","2009/02/06 17:20:00","","",False
11,20,1,2,"2009/02/06","2009/02/06 16:20:00","2009/02/06 17:20:00","","",False
20,3,1,1,"2009/02/06","2009/02/06 18:00:00","2009/02/06 19:30:00","","",False
20,3,1,2,"2009/02/06","2009/02/06 18:00:00","2009/02/06 19:30:00","","",False
8,6,1,2,"2009/02/06","2009/02/06 19:30:00","2009/02/06 21:00:00","","",False
8,6,1,1,"2009/02/06","2009/02/06 19:30:00","2009/02/06 21:00:00","","",False
8,32,1,1,"2009/02/06","2009/02/06 23:00:00","2009/02/07 00:00:00","","",False
8,32,1,2,"2009/02/06","2009/02/06 23:00:00","2009/02/07 00:00:00","","",False
8,14,1,2,"2009/02/07","2009/02/07 05:00:00","2009/02/07 06:30:00","","",False
8,14,1,1,"2009/02/07","2009/02/07 05:00:00","2009/02/07 06:30:00","","",False
1,2,3,2,"2009/02/07","2009/02/07 09:00:00","2009/02/07 10:00:00","","",False
6,9,3,2,"2009/02/07","2009/02/07 09:00:00","2009/02/07 12:00:00","","",False
6,9,3,1,"2009/02/07","2009/02/07 09:00:00","2009/02/07 12:00:00"," ﬁ›Ç¬Ç≠ÇË","",False
1,2,3,1,"2009/02/07","2009/02/07 09:00:00","2009/02/07 10:00:00","í∑èFŒ∞—å}Ç¶ ÇªÇÃÇ‹Ç‹é©ëÓÇ÷ëóÇÈ°","",False
8,6,1,2,"2009/02/07","2009/02/07 10:00:00","2009/02/07 12:00:00","","",False
8,6,1,1,"2009/02/07","2009/02/07 10:00:00","2009/02/07 12:00:00","","",False
16,32,3,1,"2009/02/07","2009/02/07 10:00:00","2009/02/07 14:00:00","","",False
16,32,3,2,"2009/02/07","2009/02/07 10:00:00","2009/02/07 14:00:00","","",False
20,5,3,2,"2009/02/07","2009/02/07 11:00:00","2009/02/07 15:30:00","","",False
20,5,3,1,"2009/02/07","2009/02/07 11:00:00","2009/02/07 15:30:00","","",False
8,6,2,1,"2009/02/07","2009/02/07 12:00:00","2009/02/07 14:00:00","","",False
8,6,2,2,"2009/02/07","2009/02/07 12:00:00","2009/02/07 14:00:00","","",False
5,9,3,2,"2009/02/07","2009/02/07 12:00:00","2009/02/07 16:00:00","","",False
5,9,3,1,"2009/02/07","2009/02/07 12:00:00","2009/02/07 16:00:00"," ﬂ›çÏÇË èWåvï[12:00-15:00 ñMéqëóå}","",False
8,32,3,2,"2009/02/07","2009/02/07 14:00:00","2009/02/07 16:00:00","","",False
8,32,3,1,"2009/02/07","2009/02/07 14:00:00","2009/02/07 16:00:00","","",False
8,32,1,1,"2009/02/07","2009/02/07 16:00:00","2009/02/07 17:30:00","","",False
8,32,1,2,"2009/02/07","2009/02/07 16:00:00","2009/02/07 17:30:00","","",False
11,5,3,2,"2009/02/07","2009/02/07 16:00:00","2009/02/07 18:00:00","","",False
11,5,3,1,"2009/02/07","2009/02/07 16:00:00","2009/02/07 18:00:00","","",False
8,5,1,2,"2009/02/07","2009/02/07 19:30:00","2009/02/07 21:00:00","","",False
8,5,1,1,"2009/02/07","2009/02/07 19:30:00","2009/02/07 21:00:00","","",False
8,36,1,1,"2009/02/07","2009/02/07 23:00:00","2009/02/08 00:00:00","","",False
8,36,1,2,"2009/02/07","2009/02/07 23:00:00","2009/02/08 00:00:00","","",False
8,14,1,2,"2009/02/08","2009/02/08 05:00:00","2009/02/08 06:30:00","","",False
8,14,1,1,"2009/02/08","2009/02/08 05:00:00","2009/02/08 06:30:00","","",False
8,6,1,1,"2009/02/08","2009/02/08 10:00:00","2009/02/08 12:00:00","","",False
8,6,1,2,"2009/02/08","2009/02/08 10:00:00","2009/02/08 12:00:00","","",False
18,3,3,2,"2009/02/08","2009/02/08 10:00:00","2009/02/08 18:00:00","","",False
25,8,3,2,"2009/02/08","2009/02/08 10:00:00","2009/02/08 15:00:00","","",False
25,8,3,1,"2009/02/08","2009/02/08 10:00:00","2009/02/08 15:00:00","","",False
18,3,3,1,"2009/02/08","2009/02/08 10:00:00","2009/02/08 18:00:00","","",False
23,32,53,1,"2009/02/08","2009/02/08 10:00:00","2009/02/08 17:00:00","","",False
23,32,53,2,"2009/02/08","2009/02/08 10:00:00","2009/02/08 17:00:00","","",False
8,6,2,2,"2009/02/08","2009/02/08 12:00:00","2009/02/08 14:00:00","","",False
8,6,2,1,"2009/02/08","2009/02/08 12:00:00","2009/02/08 14:00:00","","",False
8,6,3,1,"2009/02/08","2009/02/08 14:00:00","2009/02/08 16:00:00","","",False
8,6,3,2,"2009/02/08","2009/02/08 14:00:00","2009/02/08 16:00:00","","",False
8,6,1,2,"2009/02/08","2009/02/08 16:00:00","2009/02/08 17:30:00","","",False
8,6,1,1,"2009/02/08","2009/02/08 16:00:00","2009/02/08 17:30:00","","",False
20,3,1,1,"2009/02/08","2009/02/08 18:30:00","2009/02/08 19:30:00","","",False
20,3,1,2,"2009/02/08","2009/02/08 18:30:00","2009/02/08 19:30:00","","",False
8,5,1,2,"2009/02/08","2009/02/08 19:30:00","2009/02/08 21:00:00","","",False
8,5,1,1,"2009/02/08","2009/02/08 19:30:00","2009/02/08 21:00:00","","",False
23,3,51,1,"2009/02/08","2009/02/08 20:00:00","2009/02/08 20:30:00","","",False
23,3,51,2,"2009/02/08","2009/02/08 20:00:00","2009/02/08 20:30:00","","",False
8,36,1,2,"2009/02/08","2009/02/08 23:00:00","2009/02/09 00:00:00","","",False
8,36,1,1,"2009/02/08","2009/02/08 23:00:00","2009/02/09 00:00:00","","",False
8,19,1,2,"2009/02/09","2009/02/09 05:00:00","2009/02/09 06:30:00","","",False
8,19,1,1,"2009/02/09","2009/02/09 05:00:00","2009/02/09 06:30:00","","",False
9,1,3,2,"2009/02/09","2009/02/09 09:00:00","2009/02/09 10:00:00","","",False
1,2,3,2,"2009/02/09","2009/02/09 09:00:00","2009/02/09 10:00:00","","",False
1,2,3,1,"2009/02/09","2009/02/09 09:00:00","2009/02/09 10:00:00","","",False
9,1,3,1,"2009/02/09","2009/02/09 09:00:00","2009/02/09 10:00:00","","",False
15,8,52,2,"2009/02/09","2009/02/09 09:30:00","2009/02/09 10:30:00","","",False
15,8,52,1,"2009/02/09","2009/02/09 09:30:00","2009/02/09 10:30:00","","",False
6,21,1,1,"2009/02/09","2009/02/09 10:30:00","2009/02/09 12:30:00","","",False
6,21,1,2,"2009/02/09","2009/02/09 10:30:00","2009/02/09 12:30:00","","",False
5,1,1,2,"2009/02/09","2009/02/09 10:30:00","2009/02/09 11:30:00","","",False
5,1,1,1,"2009/02/09","2009/02/09 10:30:00","2009/02/09 11:30:00","","",False
8,32,1,2,"2009/02/09","2009/02/09 10:45:00","2009/02/09 12:15:00","","",False
8,32,1,1,"2009/02/09","2009/02/09 10:45:00","2009/02/09 12:15:00","","",False
8,32,2,1,"2009/02/09","2009/02/09 12:15:00","2009/02/09 14:15:00","","",False
8,32,2,2,"2009/02/09","2009/02/09 12:15:00","2009/02/09 14:15:00","","",False
5,11,1,1,"2009/02/09","2009/02/09 15:00:00","2009/02/09 16:00:00","çÑåNëŒâû","",False
5,11,1,2,"2009/02/09","2009/02/09 15:00:00","2009/02/09 16:00:00","","",False
11,31,3,2,"2009/02/09","2009/02/09 15:20:00","2009/02/09 16:20:00","","",False
11,31,3,1,"2009/02/09","2009/02/09 15:20:00","2009/02/09 16:20:00","","",False
1,32,3,1,"2009/02/09","2009/02/09 15:30:00","2009/02/09 16:30:00","","",False
1,32,3,2,"2009/02/09","2009/02/09 15:30:00","2009/02/09 16:30:00","","",False
8,5,1,2,"2009/02/09","2009/02/09 16:00:00","2009/02/09 17:30:00","","",False
8,5,1,1,"2009/02/09","2009/02/09 16:00:00","2009/02/09 17:30:00","","",False
11,31,1,1,"2009/02/09","2009/02/09 16:20:00","2009/02/09 17:20:00","","",False
11,31,1,2,"2009/02/09","2009/02/09 16:20:00","2009/02/09 17:20:00","","",False
15,8,51,2,"2009/02/09","2009/02/09 17:00:00","2009/02/09 18:30:00","","",False
15,8,51,1,"2009/02/09","2009/02/09 17:00:00","2009/02/09 18:30:00","","",False
8,5,1,2,"2009/02/09","2009/02/09 19:30:00","2009/02/09 21:00:00","","",False
8,5,1,1,"2009/02/09","2009/02/09 19:30:00","2009/02/09 21:00:00","","",False
8,5,1,1,"2009/02/09","2009/02/09 23:00:00","2009/02/10 00:00:00","","",False
8,5,1,2,"2009/02/09","2009/02/09 23:00:00","2009/02/10 00:00:00","","",False
8,19,1,2,"2009/02/10","2009/02/10 05:00:00","2009/02/10 06:30:00","","",False
8,19,1,1,"2009/02/10","2009/02/10 05:00:00","2009/02/10 06:30:00","","",False
8,13,1,1,"2009/02/10","2009/02/10 10:00:00","2009/02/10 12:00:00","","",False
8,13,1,2,"2009/02/10","2009/02/10 10:00:00","2009/02/10 12:00:00","","",False
26,2,51,2,"2009/02/10","2009/02/10 10:00:00","2009/02/10 10:30:00","","",False
19,43,51,1,"2009/02/10","2009/02/10 10:00:00","2009/02/10 10:30:00","í√ìcëóÇË ãLò^9:00-9:30","",False
26,2,51,1,"2009/02/10","2009/02/10 10:00:00","2009/02/10 10:30:00","ãLò^09:00Ç©ÇÁ09:30ÇÃä‘ í√ìcëóÇË","",False
5,3,3,2,"2009/02/10","2009/02/10 11:30:00","2009/02/10 18:30:00","","",False
5,3,3,1,"2009/02/10","2009/02/10 11:30:00","2009/02/10 18:30:00","âfâÊ","",False
26,2,51,2,"2009/02/10","2009/02/10 11:30:00","2009/02/10 12:00:00","","",False
19,43,51,1,"2009/02/10","2009/02/10 11:30:00","2009/02/10 12:00:00","í√ìcà„â@å}Ç¶","",False
26,2,51,1,"2009/02/10","2009/02/10 11:30:00","2009/02/10 12:00:00","í√ìcå}Ç¶","",False
26,5,52,1,"2009/02/10","2009/02/10 12:30:00","2009/02/10 13:30:00","","",False
26,5,52,2,"2009/02/10","2009/02/10 12:30:00","2009/02/10 13:30:00","","",False
8,26,2,2,"2009/02/10","2009/02/10 14:00:00","2009/02/10 16:00:00","","",False
8,26,2,1,"2009/02/10","2009/02/10 14:00:00","2009/02/10 16:00:00","","",False
26,1,51,1,"2009/02/10","2009/02/10 14:30:00","2009/02/10 15:00:00","ê¬ñÿëóÇË é–í∑çuèKâÔ ìñì˙∑¨›æŸ","",True
19,43,51,1,"2009/02/10","2009/02/10 14:30:00","2009/02/10 15:00:00","ê¬ñÿÿ Àﬁÿ","",False
24,31,3,2,"2009/02/10","2009/02/10 14:50:00","2009/02/10 16:20:00","","",False
24,31,3,1,"2009/02/10","2009/02/10 14:50:00","2009/02/10 16:20:00","","",False
11,6,3,2,"2009/02/10","2009/02/10 15:20:00","2009/02/10 16:20:00","","",False
11,6,3,1,"2009/02/10","2009/02/10 15:20:00","2009/02/10 16:20:00","","",False
22,32,3,1,"2009/02/10","2009/02/10 15:30:00","2009/02/10 16:30:00","","",False
1,1,3,1,"2009/02/10","2009/02/10 15:30:00","2009/02/10 18:00:00","é–í∑ çuèKâÔèIóπå„åë„Ç∑ÇÈ","",False
1,1,3,2,"2009/02/10","2009/02/10 15:30:00","2009/02/10 18:00:00","","",False
22,32,3,2,"2009/02/10","2009/02/10 15:30:00","2009/02/10 16:30:00","","",False
8,26,1,2,"2009/02/10","2009/02/10 16:00:00","2009/02/10 17:30:00","","",False
8,26,1,1,"2009/02/10","2009/02/10 16:00:00","2009/02/10 17:30:00","","",False
11,6,1,1,"2009/02/10","2009/02/10 16:20:00","2009/02/10 17:20:00","","",False
11,6,1,2,"2009/02/10","2009/02/10 16:20:00","2009/02/10 17:20:00","","",False
8,5,1,2,"2009/02/10","2009/02/10 19:30:00","2009/02/10 21:00:00","","",False
8,5,1,1,"2009/02/10","2009/02/10 19:30:00","2009/02/10 21:00:00","","",False
23,6,51,1,"2009/02/10","2009/02/10 20:00:00","2009/02/10 20:30:00","","",False
8,36,1,1,"2009/02/10","2009/02/10 23:00:00","2009/02/11 00:00:00","","",False
8,36,1,2,"2009/02/10","2009/02/10 23:00:00","2009/02/11 00:00:00","","",False
8,19,1,2,"2009/02/11","2009/02/11 05:00:00","2009/02/11 06:30:00","","",False
8,19,1,1,"2009/02/11","2009/02/11 05:00:00","2009/02/11 06:30:00","","",False
8,7,1,2,"2009/02/11","2009/02/11 10:00:00","2009/02/11 12:00:00","","",False
8,7,1,1,"2009/02/11","2009/02/11 10:00:00","2009/02/11 12:00:00","","",False
11,5,3,1,"2009/02/11","2009/02/11 10:00:00","2009/02/11 17:00:00","èjì˙ÇÃÇΩÇﬂãxÇ›","",False
11,5,3,2,"2009/02/11","2009/02/11 10:00:00","2009/02/11 17:00:00","","",False
25,2,3,2,"2009/02/11","2009/02/11 10:00:00","2009/02/11 15:00:00","","",False
25,2,3,1,"2009/02/11","2009/02/11 10:00:00","2009/02/11 15:00:00","","",False
5,1,1,1,"2009/02/11","2009/02/11 10:30:00","2009/02/11 11:30:00","","",False
5,1,1,2,"2009/02/11","2009/02/11 10:30:00","2009/02/11 11:30:00","","",False
23,50,52,1,"2009/02/11","2009/02/11 11:11:00","2009/02/11 11:13:00","ºÆ∞ƒΩ√≤","",True
8,7,2,2,"2009/02/11","2009/02/11 12:00:00","2009/02/11 14:00:00","","",False
8,7,2,1,"2009/02/11","2009/02/11 12:00:00","2009/02/11 14:00:00","","",False
7,62,3,2,"2009/02/11","2009/02/11 12:00:00","2009/02/11 17:00:00","","",False
7,62,3,1,"2009/02/11","2009/02/11 12:00:00","2009/02/11 17:00:00","","",False
26,25,52,2,"2009/02/11","2009/02/11 12:00:00","2009/02/11 13:00:00","","",False
26,25,52,1,"2009/02/11","2009/02/11 12:00:00","2009/02/11 13:00:00","ó’éûÇ≈ì¸Ç¡ÇƒÇ≠ÇÍÇÈ°","",False
5,1,1,1,"2009/02/11","2009/02/11 14:30:00","2009/02/11 15:30:00","","",False
5,1,1,2,"2009/02/11","2009/02/11 14:30:00","2009/02/11 15:30:00","","",False
8,1,1,1,"2009/02/11","2009/02/11 16:00:00","2009/02/11 17:30:00","","",False
8,6,1,2,"2009/02/11","2009/02/11 16:00:00","2009/02/11 17:30:00","","",False
11,5,1,2,"2009/02/11","2009/02/11 17:00:00","2009/02/11 18:00:00","","",False
11,5,1,1,"2009/02/11","2009/02/11 17:00:00","2009/02/11 18:00:00","","",False
20,32,1,1,"2009/02/11","2009/02/11 19:30:00","2009/02/11 20:30:00","","",False
8,5,1,1,"2009/02/11","2009/02/11 19:30:00","2009/02/11 21:00:00","","",False
20,32,1,2,"2009/02/11","2009/02/11 19:30:00","2009/02/11 20:30:00","","",False
8,5,1,2,"2009/02/11","2009/02/11 19:30:00","2009/02/11 21:00:00","","",False
8,32,1,2,"2009/02/11","2009/02/11 23:00:00","2009/02/12 00:00:00","","",False
8,32,1,1,"2009/02/11","2009/02/11 23:00:00","2009/02/12 00:00:00","","",False
8,19,1,1,"2009/02/12","2009/02/12 05:00:00","2009/02/12 06:30:00","","",False
8,19,1,2,"2009/02/12","2009/02/12 05:00:00","2009/02/12 06:30:00","","",False
1,1,3,1,"2009/02/12","2009/02/12 09:00:00","2009/02/12 10:00:00","","",False
1,1,3,2,"2009/02/12","2009/02/12 09:00:00","2009/02/12 10:00:00","","",False
5,9,3,1,"2009/02/12","2009/02/12 09:30:00","2009/02/12 13:00:00","é‘≤Ω¿ﬁ›Ω ñMéqëóå} èWåvï[10:00-12:30°åﬂå„ÇÊÇËåFìcÇ≥ÇÒÅ®ã{êºÇ≥ÇÒÇÃÕŸÃﬂÇ…ì¸ÇÈ(ãLò^ÇÕ14ì˙ÇÃ12:00-14:00à⁄","",False
5,9,3,2,"2009/02/12","2009/02/12 09:30:00","2009/02/12 13:00:00","","",False
8,3,1,2,"2009/02/12","2009/02/12 10:00:00","2009/02/12 12:00:00","","",False
8,3,1,1,"2009/02/12","2009/02/12 10:00:00","2009/02/12 12:00:00","","",False
13,5,3,2,"2009/02/12","2009/02/12 10:00:00","2009/02/12 12:00:00","","",False
13,5,3,1,"2009/02/12","2009/02/12 10:00:00","2009/02/12 12:00:00","é‘Ç¢Ç∑¿ﬁ›Ω é–í∑ëóå} ìríÜÇ≈åFìcÇ≥ÇÒÇ∆çáó¨","",False
23,50,52,1,"2009/02/12","2009/02/12 11:11:00","2009/02/12 11:13:00","ºÆ∞ƒΩ√≤","",True
26,7,52,1,"2009/02/12","2009/02/12 12:00:00","2009/02/12 13:00:00","","",False
26,7,52,2,"2009/02/12","2009/02/12 12:00:00","2009/02/12 13:00:00","","",False
6,11,1,1,"2009/02/12","2009/02/12 14:00:00","2009/02/12 15:30:00","ê¬ãÛê∂ã¶∏ÿ∆Ø∏éÛêf","",False
6,11,1,2,"2009/02/12","2009/02/12 14:00:00","2009/02/12 15:30:00","éüâÒ3åé8ì˙åﬂëO10:30 ê¬ãÛ∏ÿ∆Ø∏","",False
8,8,2,1,"2009/02/12","2009/02/12 14:00:00","2009/02/12 16:00:00","","",False
8,8,2,2,"2009/02/12","2009/02/12 14:00:00","2009/02/12 16:00:00","","",False
24,9,3,1,"2009/02/12","2009/02/12 14:50:00","2009/02/12 16:20:00","","",False
24,9,3,2,"2009/02/12","2009/02/12 14:50:00","2009/02/12 16:20:00","","",False
11,20,3,2,"2009/02/12","2009/02/12 15:20:00","2009/02/12 16:20:00","","",False
11,20,3,1,"2009/02/12","2009/02/12 15:20:00","2009/02/12 16:20:00","","",False
14,3,3,1,"2009/02/12","2009/02/12 15:30:00","2009/02/12 17:00:00","","",False
1,5,3,2,"2009/02/12","2009/02/12 15:30:00","2009/02/12 16:30:00","„µípêS","",False
14,3,3,2,"2009/02/12","2009/02/12 15:30:00","2009/02/12 17:00:00","","",False
1,5,3,1,"2009/02/12","2009/02/12 15:30:00","2009/02/12 16:30:00","","",False
8,8,1,1,"2009/02/12","2009/02/12 16:00:00","2009/02/12 17:30:00","","",False
8,8,1,2,"2009/02/12","2009/02/12 16:00:00","2009/02/12 17:30:00","","",False
11,20,1,2,"2009/02/12","2009/02/12 16:20:00","2009/02/12 17:20:00","","",False
11,20,1,1,"2009/02/12","2009/02/12 16:20:00","2009/02/12 17:20:00","","",False
15,23,51,2,"2009/02/12","2009/02/12 17:30:00","2009/02/12 19:00:00","","",False
15,23,51,1,"2009/02/12","2009/02/12 17:30:00","2009/02/12 19:00:00","","",False
8,5,1,1,"2009/02/12","2009/02/12 19:30:00","2009/02/12 21:00:00","","",False
8,5,1,2,"2009/02/12","2009/02/12 19:30:00","2009/02/12 21:00:00","","",False
8,36,1,2,"2009/02/12","2009/02/12 23:00:00","2009/02/13 00:00:00","","",False
8,36,1,1,"2009/02/12","2009/02/12 23:00:00","2009/02/13 00:00:00","","",False
8,19,1,2,"2009/02/13","2009/02/13 05:00:00","2009/02/13 06:30:00","","",False
8,19,1,1,"2009/02/13","2009/02/13 05:00:00","2009/02/13 06:30:00","","",False
9,2,3,2,"2009/02/13","2009/02/13 09:00:00","2009/02/13 10:00:00","","",False
9,2,3,1,"2009/02/13","2009/02/13 09:00:00","2009/02/13 10:00:00","","",False
6,21,1,1,"2009/02/13","2009/02/13 10:00:00","2009/02/13 12:00:00","ÿ Àﬁÿ11:20","",False
8,7,1,2,"2009/02/13","2009/02/13 10:00:00","2009/02/13 12:00:00","","",False
6,21,1,2,"2009/02/13","2009/02/13 10:00:00","2009/02/13 12:00:00","","",False
8,7,1,1,"2009/02/13","2009/02/13 10:00:00","2009/02/13 12:00:00","","",False
26,2,51,2,"2009/02/13","2009/02/13 10:00:00","2009/02/13 10:30:00","","",False
19,43,51,1,"2009/02/13","2009/02/13 10:00:00","2009/02/13 10:30:00","ãLò^9:00-9:30 í√ìcà„â@ëóÇË","",False
26,2,51,1,"2009/02/13","2009/02/13 10:00:00","2009/02/13 10:30:00","ãLò^09:00~09:30 í√ìcëóÇË","",False
5,1,1,1,"2009/02/13","2009/02/13 10:30:00","2009/02/13 11:30:00","","",False
5,1,1,2,"2009/02/13","2009/02/13 10:30:00","2009/02/13 11:30:00","","",False
23,50,52,1,"2009/02/13","2009/02/13 11:11:00","2009/02/13 11:13:00","ºÆ∞ƒΩ√≤","",True
26,3,51,1,"2009/02/13","2009/02/13 11:30:00","2009/02/13 12:00:00","í√ìcå}Ç¶","",False
19,43,51,1,"2009/02/13","2009/02/13 11:30:00","2009/02/13 12:00:00","í√ìcå}Ç¶","",False
26,3,51,2,"2009/02/13","2009/02/13 11:30:00","2009/02/13 12:00:00","","",False
8,8,2,2,"2009/02/13","2009/02/13 14:00:00","2009/02/13 16:00:00","","",False
8,8,2,1,"2009/02/13","2009/02/13 14:00:00","2009/02/13 16:00:00","","",False
5,3,1,2,"2009/02/13","2009/02/13 14:30:00","2009/02/13 15:30:00","","",False
5,3,1,1,"2009/02/13","2009/02/13 14:30:00","2009/02/13 15:30:00","","",False
26,2,51,1,"2009/02/13","2009/02/13 14:30:00","2009/02/13 15:00:00","ê¬ñÿëóÇË","",False
26,2,51,2,"2009/02/13","2009/02/13 14:30:00","2009/02/13 15:00:00","","",False
19,43,51,1,"2009/02/13","2009/02/13 14:30:00","2009/02/13 15:00:00","ê¬ñÿÿ Àﬁÿ","",False
11,20,3,2,"2009/02/13","2009/02/13 15:20:00","2009/02/13 16:20:00","","",False
24,31,3,2,"2009/02/13","2009/02/13 15:20:00","2009/02/13 16:20:00","","",False
11,20,3,1,"2009/02/13","2009/02/13 15:20:00","2009/02/13 16:20:00","","",False
24,31,3,1,"2009/02/13","2009/02/13 15:20:00","2009/02/13 16:20:00","","",False
22,3,3,1,"2009/02/13","2009/02/13 15:30:00","2009/02/13 16:30:00","","",False
22,3,3,2,"2009/02/13","2009/02/13 15:30:00","2009/02/13 16:30:00","","",False
1,32,3,2,"2009/02/13","2009/02/13 15:30:00","2009/02/13 16:30:00","","",False
1,32,3,1,"2009/02/13","2009/02/13 15:30:00","2009/02/13 16:30:00","","",False
8,8,1,1,"2009/02/13","2009/02/13 16:00:00","2009/02/13 17:30:00","","",False
8,8,1,2,"2009/02/13","2009/02/13 16:00:00","2009/02/13 17:30:00","","",False
11,20,1,2,"2009/02/13","2009/02/13 16:20:00","2009/02/13 17:20:00","","",False
11,20,1,1,"2009/02/13","2009/02/13 16:20:00","2009/02/13 17:20:00","","",False
20,3,1,1,"2009/02/13","2009/02/13 18:00:00","2009/02/13 19:30:00","","",False
20,3,1,2,"2009/02/13","2009/02/13 18:00:00","2009/02/13 19:30:00","","",False
4,2,1,1,"2009/02/13","2009/02/13 18:30:00","2009/02/13 20:00:00","","",False
8,6,1,1,"2009/02/13","2009/02/13 19:30:00","2009/02/13 21:00:00","","",False
8,6,1,2,"2009/02/13","2009/02/13 19:30:00","2009/02/13 21:00:00","","",False
8,32,1,2,"2009/02/13","2009/02/13 23:00:00","2009/02/14 00:00:00","","",False
8,32,1,1,"2009/02/13","2009/02/13 23:00:00","2009/02/14 00:00:00","","",False
8,14,1,1,"2009/02/14","2009/02/14 05:00:00","2009/02/14 06:30:00","","",False
8,14,1,2,"2009/02/14","2009/02/14 05:00:00","2009/02/14 06:30:00","","",False
8,25,1,2,"2009/02/14","2009/02/14 09:00:00","2009/02/14 11:00:00","","",False
8,25,1,1,"2009/02/14","2009/02/14 09:00:00","2009/02/14 11:00:00","","",False
1,2,3,1,"2009/02/14","2009/02/14 09:00:00","2009/02/14 10:00:00","Ç†Ç¢Ç†Ç¢èoãŒì˙","",False
1,2,3,2,"2009/02/14","2009/02/14 09:00:00","2009/02/14 10:00:00","","",False
18,32,3,1,"2009/02/14","2009/02/14 10:00:00","2009/02/14 17:00:00","","",False
11,6,3,2,"2009/02/14","2009/02/14 10:00:00","2009/02/14 17:00:00","","",False
11,6,3,1,"2009/02/14","2009/02/14 10:00:00","2009/02/14 17:00:00","","",False
18,32,3,2,"2009/02/14","2009/02/14 10:00:00","2009/02/14 17:00:00","","",False
16,3,3,1,"2009/02/14","2009/02/14 10:00:00","2009/02/14 16:00:00","","",False
16,3,3,2,"2009/02/14","2009/02/14 10:00:00","2009/02/14 16:00:00","","",False
8,25,2,1,"2009/02/14","2009/02/14 11:00:00","2009/02/14 13:00:00","","",False
8,25,2,2,"2009/02/14","2009/02/14 11:00:00","2009/02/14 13:00:00","","",False
20,5,3,1,"2009/02/14","2009/02/14 11:00:00","2009/02/14 15:30:00","","",False
20,5,3,2,"2009/02/14","2009/02/14 11:00:00","2009/02/14 15:30:00","","",False
23,50,52,1,"2009/02/14","2009/02/14 11:11:00","2009/02/14 11:13:00","êÏï”Ç≥ÇÒì‡â»éÛêfÇÃà◊ÕŸÃﬂÇ»Çµ","",True
13,9,3,1,"2009/02/14","2009/02/14 12:00:00","2009/02/14 14:00:00","12ì˙ÇÃà⁄ìÆéxâáï™Ç…ÇƒãLò^ÇÃÇ› ìñì˙ÇÃé¿ìÆÇ»Çµ","",True
13,9,3,2,"2009/02/14","2009/02/14 12:00:00","2009/02/14 14:00:00","","",False
8,25,3,2,"2009/02/14","2009/02/14 13:00:00","2009/02/14 15:00:00","","",False
8,25,3,1,"2009/02/14","2009/02/14 13:00:00","2009/02/14 15:00:00","","",False
13,9,1,2,"2009/02/14","2009/02/14 14:00:00","2009/02/14 17:00:00","","",False
13,9,1,1,"2009/02/14","2009/02/14 14:00:00","2009/02/14 17:00:00"," ﬂ›çÏÇË","",False
5,1,3,1,"2009/02/14","2009/02/14 14:00:00","2009/02/14 18:00:00","Y&H","",False
5,1,3,2,"2009/02/14","2009/02/14 14:00:00","2009/02/14 18:00:00","","",False
1,2,3,1,"2009/02/14","2009/02/14 15:30:00","2009/02/14 16:30:00","Ç†Ç¢Ç†Ç¢èoãŒì˙","",False
1,2,3,2,"2009/02/14","2009/02/14 15:30:00","2009/02/14 16:30:00","","",False
8,3,1,1,"2009/02/14","2009/02/14 16:00:00","2009/02/14 17:30:00","","",False
8,3,1,2,"2009/02/14","2009/02/14 16:00:00","2009/02/14 17:30:00","","",False
18,32,1,1,"2009/02/14","2009/02/14 17:00:00","2009/02/14 19:00:00","ó[êHït","",False
11,6,1,2,"2009/02/14","2009/02/14 17:00:00","2009/02/14 18:00:00","","",False
11,6,1,1,"2009/02/14","2009/02/14 17:00:00","2009/02/14 18:00:00","","",False
18,32,1,2,"2009/02/14","2009/02/14 17:00:00","2009/02/14 19:00:00","","",False
8,5,1,2,"2009/02/14","2009/02/14 19:30:00","2009/02/14 21:00:00","","",False
8,5,1,1,"2009/02/14","2009/02/14 19:30:00","2009/02/14 21:00:00","","",False
8,36,1,1,"2009/02/14","2009/02/14 23:00:00","2009/02/15 00:00:00","","",False
8,36,1,2,"2009/02/14","2009/02/14 23:00:00","2009/02/15 00:00:00","","",False
8,14,1,2,"2009/02/15","2009/02/15 05:00:00","2009/02/15 06:30:00","","",False
8,14,1,1,"2009/02/15","2009/02/15 05:00:00","2009/02/15 06:30:00","","",False
8,32,1,1,"2009/02/15","2009/02/15 10:00:00","2009/02/15 12:00:00","","",False
8,32,1,2,"2009/02/15","2009/02/15 10:00:00","2009/02/15 12:00:00","","",False
9,3,3,1,"2009/02/15","2009/02/15 10:00:00","2009/02/15 16:00:00","","",False
9,3,3,2,"2009/02/15","2009/02/15 10:00:00","2009/02/15 16:00:00","","",False
23,5,53,1,"2009/02/15","2009/02/15 10:00:00","2009/02/15 17:00:00","","",False
23,5,53,2,"2009/02/15","2009/02/15 10:00:00","2009/02/15 17:00:00","","",False
8,32,2,1,"2009/02/15","2009/02/15 12:00:00","2009/02/15 14:00:00","","",False
8,32,2,2,"2009/02/15","2009/02/15 12:00:00","2009/02/15 14:00:00","","",False
7,39,3,1,"2009/02/15","2009/02/15 12:00:00","2009/02/15 16:00:00","","",False
7,39,3,2,"2009/02/15","2009/02/15 12:00:00","2009/02/15 16:00:00","","",False
8,32,3,2,"2009/02/15","2009/02/15 14:00:00","2009/02/15 16:00:00","","",False
8,32,3,1,"2009/02/15","2009/02/15 14:00:00","2009/02/15 16:00:00","","",False
8,32,1,2,"2009/02/15","2009/02/15 16:00:00","2009/02/15 17:30:00","","",False
8,32,1,1,"2009/02/15","2009/02/15 16:00:00","2009/02/15 17:30:00","","",False
20,3,1,2,"2009/02/15","2009/02/15 18:30:00","2009/02/15 19:30:00","","",False
20,3,1,1,"2009/02/15","2009/02/15 18:30:00","2009/02/15 19:30:00","","",False
8,5,1,2,"2009/02/15","2009/02/15 19:30:00","2009/02/15 21:00:00","","",False
8,5,1,1,"2009/02/15","2009/02/15 19:30:00","2009/02/15 21:00:00","","",False
23,3,51,1,"2009/02/15","2009/02/15 20:00:00","2009/02/15 20:30:00","","",False
23,3,51,2,"2009/02/15","2009/02/15 20:00:00","2009/02/15 20:30:00","","",False
8,36,1,2,"2009/02/15","2009/02/15 23:00:00","2009/02/16 00:00:00","","",False
8,36,1,1,"2009/02/15","2009/02/15 23:00:00","2009/02/16 00:00:00","","",False
8,19,1,1,"2009/02/16","2009/02/16 05:00:00","2009/02/16 06:30:00","","",False
8,19,1,2,"2009/02/16","2009/02/16 05:00:00","2009/02/16 06:30:00","","",False
9,1,3,1,"2009/02/16","2009/02/16 09:00:00","2009/02/16 10:00:00","","",False
9,1,3,2,"2009/02/16","2009/02/16 09:00:00","2009/02/16 10:00:00","","",False
1,2,3,2,"2009/02/16","2009/02/16 09:00:00","2009/02/16 10:00:00","","",False
1,2,3,1,"2009/02/16","2009/02/16 09:00:00","2009/02/16 10:00:00","","",False
15,8,52,1,"2009/02/16","2009/02/16 09:30:00","2009/02/16 10:30:00","","",False
15,8,52,2,"2009/02/16","2009/02/16 09:30:00","2009/02/16 10:30:00","","",False
8,32,1,2,"2009/02/16","2009/02/16 10:30:00","2009/02/16 12:00:00","","",False
8,32,1,1,"2009/02/16","2009/02/16 10:30:00","2009/02/16 12:00:00","","",False
5,1,1,1,"2009/02/16","2009/02/16 10:30:00","2009/02/16 11:30:00","","",False
5,1,1,2,"2009/02/16","2009/02/16 10:30:00","2009/02/16 11:30:00","","",False
8,32,2,1,"2009/02/16","2009/02/16 12:00:00","2009/02/16 14:00:00","","",False
8,32,2,2,"2009/02/16","2009/02/16 12:00:00","2009/02/16 14:00:00","","",False
5,1,1,2,"2009/02/16","2009/02/16 14:30:00","2009/02/16 15:30:00","","",False
5,1,1,1,"2009/02/16","2009/02/16 14:30:00","2009/02/16 15:30:00","","",False
19,43,51,1,"2009/02/16","2009/02/16 14:30:00","2009/02/16 15:00:00","ê¬ñÿÿ Àﬁÿ ëÃí≤ïsó«Ç…Çƒ∑¨›æŸ","",True
26,2,51,1,"2009/02/16","2009/02/16 14:30:00","2009/02/16 15:00:00","ê¬ñÿëóÇË ëÃí≤ïsó«Ç…Çƒ∑¨›æŸ","",False
11,31,3,2,"2009/02/16","2009/02/16 15:20:00","2009/02/16 16:20:00","","",False
11,31,3,1,"2009/02/16","2009/02/16 15:20:00","2009/02/16 16:20:00","","",False
1,2,3,2,"2009/02/16","2009/02/16 15:30:00","2009/02/16 16:30:00","","",False
1,2,3,1,"2009/02/16","2009/02/16 15:30:00","2009/02/16 16:30:00","","",False
8,32,1,1,"2009/02/16","2009/02/16 16:00:00","2009/02/16 17:30:00","","",False
8,32,1,2,"2009/02/16","2009/02/16 16:00:00","2009/02/16 17:30:00","","",False
11,31,1,1,"2009/02/16","2009/02/16 16:20:00","2009/02/16 17:20:00","","",False
11,31,1,2,"2009/02/16","2009/02/16 16:20:00","2009/02/16 17:20:00","","",False
15,8,51,1,"2009/02/16","2009/02/16 17:00:00","2009/02/16 18:30:00","","",False
15,8,51,2,"2009/02/16","2009/02/16 17:00:00","2009/02/16 18:30:00","","",False
8,5,1,2,"2009/02/16","2009/02/16 19:30:00","2009/02/16 21:00:00","","",False
8,5,1,1,"2009/02/16","2009/02/16 19:30:00","2009/02/16 21:00:00","","",False
8,5,1,2,"2009/02/16","2009/02/16 23:00:00","2009/02/17 00:00:00","","",False
8,5,1,1,"2009/02/16","2009/02/16 23:00:00","2009/02/17 00:00:00","","",False
8,19,1,2,"2009/02/17","2009/02/17 05:00:00","2009/02/17 06:30:00","","",False
8,19,1,1,"2009/02/17","2009/02/17 05:00:00","2009/02/17 06:30:00","","",False
4,2,1,1,"2009/02/17","2009/02/17 07:00:00","2009/02/17 08:00:00","","",False
4,2,1,2,"2009/02/17","2009/02/17 07:00:00","2009/02/17 08:00:00","","",False
8,13,1,1,"2009/02/17","2009/02/17 10:00:00","2009/02/17 12:00:00","","",False
8,13,1,2,"2009/02/17","2009/02/17 10:00:00","2009/02/17 12:00:00","","",False
19,2,51,2,"2009/02/17","2009/02/17 10:00:00","2009/02/17 10:30:00","","",False
19,2,51,1,"2009/02/17","2009/02/17 10:00:00","2009/02/17 10:30:00","í√ìcëóÇË ãLò^9:00-9:30","",False
26,43,51,1,"2009/02/17","2009/02/17 10:00:00","2009/02/17 10:30:00","ì¸â@íÜÇ…Çƒ∑¨›æŸ ãLò^09:00Ç©ÇÁ09:30ÇÃä‘ í√ìcëóÇË","",True
26,43,51,1,"2009/02/17","2009/02/17 11:30:00","2009/02/17 12:00:00","ì¸â@íÜÇ…Çƒ∑¨›æŸ í√ìcå}Ç¶","",True
19,3,51,1,"2009/02/17","2009/02/17 11:30:00","2009/02/17 12:00:00","í√ìcà„â@å}Ç¶","",False
19,3,51,2,"2009/02/17","2009/02/17 11:30:00","2009/02/17 12:00:00","","",False
26,43,52,1,"2009/02/17","2009/02/17 12:30:00","2009/02/17 13:30:00","ì¸â@íÜÇ…Çƒ∑¨›æŸ","",True
19,5,52,1,"2009/02/17","2009/02/17 12:30:00","2009/02/17 13:30:00","ìñì˙∑¨›æŸ","",False
8,26,2,1,"2009/02/17","2009/02/17 14:00:00","2009/02/17 16:00:00","","",False
8,26,2,2,"2009/02/17","2009/02/17 14:00:00","2009/02/17 16:00:00","","",False
5,11,3,2,"2009/02/17","2009/02/17 14:00:00","2009/02/17 18:00:00","","",False
5,11,3,1,"2009/02/17","2009/02/17 14:00:00","2009/02/17 18:00:00","Y&H","",False
24,31,3,1,"2009/02/17","2009/02/17 14:50:00","2009/02/17 16:50:00","í èÌ14:50-16:20 30ï™âÑí∑","",False
24,31,3,2,"2009/02/17","2009/02/17 14:50:00","2009/02/17 16:50:00","","",False
11,6,3,2,"2009/02/17","2009/02/17 15:20:00","2009/02/17 16:20:00","","",False
11,6,3,1,"2009/02/17","2009/02/17 15:20:00","2009/02/17 16:20:00","","",False
22,32,3,1,"2009/02/17","2009/02/17 15:30:00","2009/02/17 16:30:00","","",False
1,2,3,1,"2009/02/17","2009/02/17 15:30:00","2009/02/17 18:00:00","","",False
22,32,3,2,"2009/02/17","2009/02/17 15:30:00","2009/02/17 16:30:00","","",False
1,2,3,2,"2009/02/17","2009/02/17 15:30:00","2009/02/17 18:00:00","","",False
8,26,1,1,"2009/02/17","2009/02/17 16:00:00","2009/02/17 17:30:00","","",False
8,26,1,2,"2009/02/17","2009/02/17 16:00:00","2009/02/17 17:30:00","","",False
4,3,3,1,"2009/02/17","2009/02/17 16:00:00","2009/02/17 18:00:00","","",False
4,3,3,2,"2009/02/17","2009/02/17 16:00:00","2009/02/17 18:00:00","","",False
11,6,1,2,"2009/02/17","2009/02/17 16:20:00","2009/02/17 17:20:00","","",False
11,6,1,1,"2009/02/17","2009/02/17 16:20:00","2009/02/17 17:20:00","","",False
4,3,1,2,"2009/02/17","2009/02/17 18:00:00","2009/02/17 19:30:00","","",False
4,3,1,1,"2009/02/17","2009/02/17 18:00:00","2009/02/17 19:30:00","","",False
8,5,1,2,"2009/02/17","2009/02/17 19:30:00","2009/02/17 21:00:00","","",False
8,5,1,1,"2009/02/17","2009/02/17 19:30:00","2009/02/17 21:00:00","","",False
23,6,51,2,"2009/02/17","2009/02/17 20:00:00","2009/02/17 20:30:00","","",False
23,6,51,1,"2009/02/17","2009/02/17 20:00:00","2009/02/17 20:30:00","","",False
8,36,1,2,"2009/02/17","2009/02/17 23:00:00","2009/02/18 00:00:00","","",False
8,36,1,1,"2009/02/17","2009/02/17 23:00:00","2009/02/18 00:00:00","","",False
8,19,1,1,"2009/02/18","2009/02/18 05:00:00","2009/02/18 06:30:00","","",False
4,2,1,1,"2009/02/18","2009/02/18 07:00:00","2009/02/18 08:00:00","ê∂ã¶ïaâ@9éûéÛêf","",True
1,2,3,1,"2009/02/18","2009/02/18 09:00:00","2009/02/18 10:00:00","","",False
6,11,1,1,"2009/02/18","2009/02/18 10:00:00","2009/02/18 12:00:00","ó\ñÒ10:20  ÿ Àﬁÿ","",False
8,7,1,1,"2009/02/18","2009/02/18 10:00:00","2009/02/18 12:00:00","","",False
5,1,1,1,"2009/02/18","2009/02/18 10:30:00","2009/02/18 11:30:00","","",False
8,7,2,1,"2009/02/18","2009/02/18 12:00:00","2009/02/18 14:00:00","","",False
19,5,52,1,"2009/02/18","2009/02/18 12:00:00","2009/02/18 13:00:00","ìñì˙∑¨›æŸ","",False
26,43,52,1,"2009/02/18","2009/02/18 12:00:00","2009/02/18 13:00:00","ì¸â@íÜÇ…Çƒ∑¨›æŸ","",True
5,1,1,1,"2009/02/18","2009/02/18 14:30:00","2009/02/18 15:30:00","","",False
11,32,3,1,"2009/02/18","2009/02/18 14:30:00","2009/02/18 15:30:00","","",False
19,2,51,1,"2009/02/18","2009/02/18 14:30:00","2009/02/18 15:00:00","ê¬ñÿÿ ÀﬁÿëóÇË","",False
26,43,51,1,"2009/02/18","2009/02/18 14:30:00","2009/02/18 15:00:00","ê¬ñÿëóÇË ì¸â@íÜÇ…Çƒ∑¨›æŸ","",True
1,2,3,1,"2009/02/18","2009/02/18 15:30:00","2009/02/18 16:30:00","","",False
7,37,3,1,"2009/02/18","2009/02/18 15:30:00","2009/02/18 18:30:00","","",False
8,32,1,1,"2009/02/18","2009/02/18 16:00:00","2009/02/18 17:30:00","","",False
4,1,3,1,"2009/02/18","2009/02/18 16:00:00","2009/02/18 17:30:00","","",False
11,6,1,1,"2009/02/18","2009/02/18 18:00:00","2009/02/18 19:00:00","","",False
8,5,1,1,"2009/02/18","2009/02/18 19:30:00","2009/02/18 21:00:00","","",False
20,32,1,1,"2009/02/18","2009/02/18 19:30:00","2009/02/18 20:30:00","","",False
23,8,51,1,"2009/02/18","2009/02/18 20:00:00","2009/02/18 20:30:00","","",False
8,3,1,1,"2009/02/18","2009/02/18 23:00:00","2009/02/19 00:00:00","","",False
8,19,1,1,"2009/02/19","2009/02/19 05:00:00","2009/02/19 06:30:00","","",False
4,2,1,1,"2009/02/19","2009/02/19 07:00:00","2009/02/19 08:00:00","","",False
1,1,3,1,"2009/02/19","2009/02/19 09:00:00","2009/02/19 10:00:00","","",False
8,3,1,1,"2009/02/19","2009/02/19 10:00:00","2009/02/19 12:00:00","","",False
13,5,3,1,"2009/02/19","2009/02/19 10:00:00","2009/02/19 14:00:00","é‘Ç¢Ç∑¿ﬁ›Ω é–í∑ëóå}","",False
26,43,52,1,"2009/02/19","2009/02/19 12:00:00","2009/02/19 13:00:00","ì¸â@íÜÇ…Çƒ∑¨›æŸ","",True
19,25,52,1,"2009/02/19","2009/02/19 12:00:00","2009/02/19 13:00:00","","",True
8,8,2,1,"2009/02/19","2009/02/19 14:00:00","2009/02/19 16:00:00","","",False
23,31,53,1,"2009/02/19","2009/02/19 14:00:00","2009/02/19 17:00:00","","",False
24,5,3,1,"2009/02/19","2009/02/19 14:50:00","2009/02/19 16:50:00","í èÌ14:50-16:20 30ï™âÑí∑","",False
11,20,3,1,"2009/02/19","2009/02/19 15:20:00","2009/02/19 16:20:00","","",False
14,3,3,1,"2009/02/19","2009/02/19 15:30:00","2009/02/19 17:00:00","","",False
1,2,3,1,"2009/02/19","2009/02/19 15:30:00","2009/02/19 16:30:00","","",False
8,8,1,1,"2009/02/19","2009/02/19 16:00:00","2009/02/19 17:30:00","","",False
4,1,3,1,"2009/02/19","2009/02/19 16:00:00","2009/02/19 18:00:00","","",False
11,20,1,1,"2009/02/19","2009/02/19 16:20:00","2009/02/19 17:20:00","","",False
15,23,51,1,"2009/02/19","2009/02/19 17:30:00","2009/02/19 19:00:00","","",False
4,3,1,1,"2009/02/19","2009/02/19 18:00:00","2009/02/19 19:30:00","","",False
8,5,1,1,"2009/02/19","2009/02/19 19:30:00","2009/02/19 21:00:00","","",False
23,8,51,1,"2009/02/19","2009/02/19 20:00:00","2009/02/19 20:30:00","","",False
8,36,1,1,"2009/02/19","2009/02/19 23:00:00","2009/02/20 00:00:00","","",False
8,19,1,1,"2009/02/20","2009/02/20 05:00:00","2009/02/20 06:30:00","","",False
9,2,3,1,"2009/02/20","2009/02/20 09:00:00","2009/02/20 10:00:00","","",False
8,7,1,1,"2009/02/20","2009/02/20 10:00:00","2009/02/20 12:00:00","","",False
26,43,51,1,"2009/02/20","2009/02/20 10:00:00","2009/02/20 10:30:00","ãLò^09:00~09:30 í√ìcëóÇË ì¸â@íÜÇ…Çƒ∑¨›æŸ","",True
19,2,51,1,"2009/02/20","2009/02/20 10:00:00","2009/02/20 10:30:00","ãLò^9:00-9:30 í√ìcà„â@ëóÇË","",False
5,1,1,1,"2009/02/20","2009/02/20 10:30:00","2009/02/20 11:30:00","","",False
19,3,51,1,"2009/02/20","2009/02/20 11:30:00","2009/02/20 12:00:00","í√ìcå}Ç¶","",False
26,43,51,1,"2009/02/20","2009/02/20 11:30:00","2009/02/20 12:00:00","ì¸â@íÜÇ…Çƒ∑¨›æŸ","",True
8,1,3,1,"2009/02/20","2009/02/20 12:00:00","2009/02/20 14:00:00","à„ó√ê∂ã¶éÛêf ó\ñÒ13:00","",False
19,5,52,1,"2009/02/20","2009/02/20 12:30:00","2009/02/20 13:30:00","","",False
8,8,2,1,"2009/02/20","2009/02/20 14:00:00","2009/02/20 16:00:00","","",False
5,3,1,1,"2009/02/20","2009/02/20 14:30:00","2009/02/20 15:30:00","","",False
19,2,51,1,"2009/02/20","2009/02/20 14:30:00","2009/02/20 15:00:00","ê¬ñÿÿ Àﬁÿ","",False
26,43,51,1,"2009/02/20","2009/02/20 14:30:00","2009/02/20 15:00:00","ì¸â@íÜÇ…Çƒ∑¨›æŸ","",True
24,31,3,1,"2009/02/20","2009/02/20 15:20:00","2009/02/20 16:20:00","","",False
11,20,3,1,"2009/02/20","2009/02/20 15:20:00","2009/02/20 16:20:00","","",False
22,3,3,1,"2009/02/20","2009/02/20 15:30:00","2009/02/20 16:30:00","","",False
1,2,3,1,"2009/02/20","2009/02/20 15:30:00","2009/02/20 20:30:00","éUîØÇµÇƒÇ©ÇÁ ó[êHÇÇ∆ÇËãAëÓó\íË 5,000â~ñ{êlÇÃ∂ ﬁ›Ç…ì¸ÇÍÇƒÇ®Ç≠Ç∆ÇÃÇ±Ç∆","",False
8,8,1,1,"2009/02/20","2009/02/20 16:00:00","2009/02/20 17:30:00","","",False
11,20,1,1,"2009/02/20","2009/02/20 16:20:00","2009/02/20 17:20:00","","",False
20,3,1,1,"2009/02/20","2009/02/20 18:00:00","2009/02/20 19:30:00","","",False
8,6,1,1,"2009/02/20","2009/02/20 19:30:00","2009/02/20 21:00:00","","",False
8,32,1,1,"2009/02/20","2009/02/20 23:00:00","2009/02/21 00:00:00","","",False
8,14,1,1,"2009/02/21","2009/02/21 05:00:00","2009/02/21 06:30:00","","",False
8,6,1,1,"2009/02/21","2009/02/21 10:00:00","2009/02/21 12:00:00","","",False
18,32,3,1,"2009/02/21","2009/02/21 10:00:00","2009/02/21 17:00:00","","",False
16,3,3,1,"2009/02/21","2009/02/21 10:00:00","2009/02/21 14:00:00","","",False
20,5,3,1,"2009/02/21","2009/02/21 11:00:00","2009/02/21 15:30:00","","",False
5,9,3,1,"2009/02/21","2009/02/21 11:30:00","2009/02/21 15:30:00"," ﬂ›çÏÇËèWåvï[12:00-15:00 ñMéqëóå}","",False
8,6,2,1,"2009/02/21","2009/02/21 12:00:00","2009/02/21 14:00:00","","",False
23,31,53,1,"2009/02/21","2009/02/21 12:00:00","2009/02/21 17:00:00","ï†ïî¥∫∞ ñkÇ≥ÇÒÇ÷òAóççœÇ›","",False
8,3,3,1,"2009/02/21","2009/02/21 14:30:00","2009/02/21 16:00:00","","",False
8,3,1,1,"2009/02/21","2009/02/21 16:00:00","2009/02/21 17:30:00","","",False
11,5,3,1,"2009/02/21","2009/02/21 16:00:00","2009/02/21 18:00:00","","",False
18,32,1,1,"2009/02/21","2009/02/21 17:00:00","2009/02/21 19:00:00","ó[êHït","",False
8,5,1,1,"2009/02/21","2009/02/21 19:30:00","2009/02/21 21:00:00","","",False
8,36,1,1,"2009/02/21","2009/02/21 23:00:00","2009/02/22 00:00:00","","",False
8,6,1,1,"2009/02/22","2009/02/22 05:00:00","2009/02/22 06:30:00","","",False
8,5,1,1,"2009/02/22","2009/02/22 10:00:00","2009/02/22 12:00:00","","",False
11,6,3,1,"2009/02/22","2009/02/22 10:00:00","2009/02/22 17:00:00","","",False
18,32,3,1,"2009/02/22","2009/02/22 10:00:00","2009/02/22 18:00:00","","",False
4,3,3,1,"2009/02/22","2009/02/22 10:30:00","2009/02/22 18:00:00","","",False
8,5,2,1,"2009/02/22","2009/02/22 12:00:00","2009/02/22 14:00:00","","",False
8,5,3,1,"2009/02/22","2009/02/22 14:00:00","2009/02/22 16:00:00","","",False
8,5,1,1,"2009/02/22","2009/02/22 16:00:00","2009/02/22 17:30:00","","",False
20,3,1,1,"2009/02/22","2009/02/22 18:30:00","2009/02/22 19:30:00","","",False
8,5,1,1,"2009/02/22","2009/02/22 19:30:00","2009/02/22 21:00:00","","",False
23,3,51,1,"2009/02/22","2009/02/22 20:00:00","2009/02/22 20:30:00","","",False
8,36,1,1,"2009/02/22","2009/02/22 23:00:00","2009/02/23 00:00:00","","",False
8,19,1,1,"2009/02/23","2009/02/23 05:00:00","2009/02/23 06:30:00","","",False
9,1,3,1,"2009/02/23","2009/02/23 09:00:00","2009/02/23 10:00:00","","",False
1,2,3,1,"2009/02/23","2009/02/23 09:00:00","2009/02/23 10:00:00","","",False
15,8,52,1,"2009/02/23","2009/02/23 09:30:00","2009/02/23 10:30:00","","",False
6,21,1,1,"2009/02/23","2009/02/23 10:30:00","2009/02/23 12:30:00","","",False
5,1,1,1,"2009/02/23","2009/02/23 10:30:00","2009/02/23 11:30:00","","",False
8,32,1,1,"2009/02/23","2009/02/23 10:45:00","2009/02/23 12:15:00","","",False
8,32,2,1,"2009/02/23","2009/02/23 12:15:00","2009/02/23 14:15:00","","",False
5,1,1,1,"2009/02/23","2009/02/23 14:30:00","2009/02/23 15:30:00","","",False
26,43,51,1,"2009/02/23","2009/02/23 14:30:00","2009/02/23 15:00:00","ê¬ñÿëóÇË ì¸â@íÜÇ…Çƒ∑¨›æŸ","",True
19,2,51,1,"2009/02/23","2009/02/23 14:30:00","2009/02/23 15:00:00","ê¬ñÿÿ Àﬁÿ","",False
11,31,3,1,"2009/02/23","2009/02/23 15:20:00","2009/02/23 16:20:00","","",False
1,2,3,1,"2009/02/23","2009/02/23 15:30:00","2009/02/23 16:30:00","","",False
8,32,1,1,"2009/02/23","2009/02/23 16:00:00","2009/02/23 17:30:00","","",False
11,31,1,1,"2009/02/23","2009/02/23 16:20:00","2009/02/23 17:20:00","","",False
15,8,51,1,"2009/02/23","2009/02/23 17:00:00","2009/02/23 18:30:00","","",False
8,5,1,1,"2009/02/23","2009/02/23 19:30:00","2009/02/23 21:00:00","","",False
8,5,1,1,"2009/02/23","2009/02/23 23:00:00","2009/02/24 00:00:00","","",False
8,19,1,1,"2009/02/24","2009/02/24 05:00:00","2009/02/24 06:30:00","","",False
4,2,1,1,"2009/02/24","2009/02/24 07:00:00","2009/02/24 08:00:00","","",False
8,13,1,1,"2009/02/24","2009/02/24 10:00:00","2009/02/24 12:00:00","","",False
26,43,51,1,"2009/02/24","2009/02/24 10:00:00","2009/02/24 10:30:00","ì¸â@íÜÇ…Çƒ∑¨›æŸ ãLò^09:00Ç©ÇÁ09:30ÇÃä‘ í√ìcëóÇË","",True
19,2,51,1,"2009/02/24","2009/02/24 10:00:00","2009/02/24 10:30:00","í√ìcëóÇË ãLò^9:00-9:30","",False
19,3,51,1,"2009/02/24","2009/02/24 11:30:00","2009/02/24 12:00:00","í√ìcà„â@å}Ç¶","",False
26,43,51,1,"2009/02/24","2009/02/24 11:30:00","2009/02/24 12:00:00","ì¸â@íÜÇ…Çƒ∑¨›æŸ í√ìcå}Ç¶","",True
19,5,52,1,"2009/02/24","2009/02/24 12:30:00","2009/02/24 13:30:00","","",False
8,26,2,1,"2009/02/24","2009/02/24 14:00:00","2009/02/24 16:00:00","","",False
5,11,3,1,"2009/02/24","2009/02/24 14:00:00","2009/02/24 18:00:00","Y&H","",False
24,31,3,1,"2009/02/24","2009/02/24 14:50:00","2009/02/24 16:20:00","","",False
11,6,3,1,"2009/02/24","2009/02/24 15:20:00","2009/02/24 16:20:00","","",False
22,32,3,1,"2009/02/24","2009/02/24 15:30:00","2009/02/24 16:30:00","","",False
1,2,3,1,"2009/02/24","2009/02/24 15:30:00","2009/02/24 18:00:00","","",False
8,26,1,1,"2009/02/24","2009/02/24 16:00:00","2009/02/24 17:30:00","","",False
4,3,3,1,"2009/02/24","2009/02/24 16:00:00","2009/02/24 18:00:00","","",False
11,6,1,1,"2009/02/24","2009/02/24 16:20:00","2009/02/24 17:20:00","","",False
4,3,1,1,"2009/02/24","2009/02/24 18:00:00","2009/02/24 19:30:00","","",False
8,5,1,1,"2009/02/24","2009/02/24 19:30:00","2009/02/24 21:00:00","","",False
23,6,51,1,"2009/02/24","2009/02/24 20:00:00","2009/02/24 20:30:00","","",False
8,36,1,1,"2009/02/24","2009/02/24 23:00:00","2009/02/25 00:00:00","","",False
8,19,1,1,"2009/02/25","2009/02/25 05:00:00","2009/02/25 06:30:00","","",False
4,2,1,1,"2009/02/25","2009/02/25 07:00:00","2009/02/25 08:00:00","","",False
1,2,3,1,"2009/02/25","2009/02/25 09:00:00","2009/02/25 10:00:00","","",False
6,11,1,1,"2009/02/25","2009/02/25 10:00:00","2009/02/25 12:00:00","ó\ñÒ   ÿ Àﬁÿ","",False
8,7,1,1,"2009/02/25","2009/02/25 10:00:00","2009/02/25 12:00:00","","",False
5,1,1,1,"2009/02/25","2009/02/25 10:30:00","2009/02/25 11:30:00","","",False
8,7,2,1,"2009/02/25","2009/02/25 12:00:00","2009/02/25 14:00:00","","",False
19,5,52,1,"2009/02/25","2009/02/25 12:00:00","2009/02/25 13:00:00","","",False
7,42,3,1,"2009/02/25","2009/02/25 13:30:00","2009/02/25 18:30:00","","",False
5,1,1,1,"2009/02/25","2009/02/25 14:30:00","2009/02/25 15:30:00","","",False
11,5,3,1,"2009/02/25","2009/02/25 14:30:00","2009/02/25 15:30:00","","",False
19,2,51,1,"2009/02/25","2009/02/25 14:30:00","2009/02/25 15:00:00","ê¬ñÿÿ ÀﬁÿëóÇË","",False
26,43,51,1,"2009/02/25","2009/02/25 14:30:00","2009/02/25 15:00:00","ì¸â@íÜÇ…Çƒ∑¨›æŸ ê¬ñÿëóÇË","",True
1,2,3,1,"2009/02/25","2009/02/25 15:30:00","2009/02/25 16:30:00","","",False
8,5,1,1,"2009/02/25","2009/02/25 16:00:00","2009/02/25 17:30:00","","",False
4,1,3,1,"2009/02/25","2009/02/25 16:00:00","2009/02/25 17:30:00","","",False
11,6,1,1,"2009/02/25","2009/02/25 18:00:00","2009/02/25 19:00:00","","",False
20,32,1,1,"2009/02/25","2009/02/25 19:30:00","2009/02/25 20:30:00","","",False
8,5,1,1,"2009/02/25","2009/02/25 19:30:00","2009/02/25 21:00:00","","",False
23,8,51,1,"2009/02/25","2009/02/25 20:00:00","2009/02/25 20:30:00","","",False
8,3,1,1,"2009/02/25","2009/02/25 23:00:00","2009/02/26 00:00:00","","",False
8,19,1,1,"2009/02/26","2009/02/26 05:00:00","2009/02/26 06:30:00","","",False
4,2,1,1,"2009/02/26","2009/02/26 07:00:00","2009/02/26 08:00:00","","",False
1,1,3,1,"2009/02/26","2009/02/26 09:00:00","2009/02/26 10:00:00","","",False
8,3,1,1,"2009/02/26","2009/02/26 10:00:00","2009/02/26 12:00:00","","",False
13,9,3,1,"2009/02/26","2009/02/26 10:00:00","2009/02/26 14:00:00","é‘Ç¢Ç∑¿ﬁ›Ω é–í∑ëóå} ìríÜÇ≈åFìcÇ≥ÇÒÇ∆çáó¨","ëOì˙∑¨›æŸ",False
20,6,3,1,"2009/02/26","2009/02/26 11:00:00","2009/02/26 13:00:00","","",False
1,50,99,1,"2009/02/26","2009/02/26 11:11:00","2009/02/26 11:12:00","Œ∞—îëÇ‹ÇËÇÃà◊å}Ç¶ÇÕÇ»Çµ°","",True
19,5,52,1,"2009/02/26","2009/02/26 12:00:00","2009/02/26 13:00:00","","",False
8,8,2,1,"2009/02/26","2009/02/26 14:00:00","2009/02/26 16:00:00","","",False
23,31,53,1,"2009/02/26","2009/02/26 14:00:00","2009/02/26 17:00:00","","",False
24,9,3,1,"2009/02/26","2009/02/26 14:50:00","2009/02/26 16:20:00","","",False
11,20,3,1,"2009/02/26","2009/02/26 15:20:00","2009/02/26 16:20:00","","",False
8,8,1,1,"2009/02/26","2009/02/26 16:00:00","2009/02/26 17:30:00","","",False
4,3,3,1,"2009/02/26","2009/02/26 16:00:00","2009/02/26 18:00:00","","",False
11,20,1,1,"2009/02/26","2009/02/26 16:20:00","2009/02/26 17:20:00","","",False
15,23,51,1,"2009/02/26","2009/02/26 17:30:00","2009/02/26 19:00:00","","",False
4,3,1,1,"2009/02/26","2009/02/26 18:00:00","2009/02/26 19:30:00","","",False
8,5,1,1,"2009/02/26","2009/02/26 19:30:00","2009/02/26 21:00:00","","",False
23,8,51,1,"2009/02/26","2009/02/26 20:00:00","2009/02/26 20:30:00","","",False
8,36,1,1,"2009/02/26","2009/02/26 23:00:00","2009/02/27 00:00:00","","",False
14,50,3,1,"2009/02/26","2009/02/26 23:00:00","2009/02/26 23:45:00","í∑èFŒ-—îëÇ‹ÇË","",False
8,19,1,1,"2009/02/27","2009/02/27 05:00:00","2009/02/27 06:30:00","","",False
9,2,3,1,"2009/02/27","2009/02/27 09:00:00","2009/02/27 10:00:00","","",False
8,7,1,1,"2009/02/27","2009/02/27 10:00:00","2009/02/27 12:00:00","","",False
26,43,51,1,"2009/02/27","2009/02/27 10:00:00","2009/02/27 10:30:00","ì¸â@íÜÇ…Çƒ∑¨›æŸ ãLò^09:00~09:30 í√ìcëóÇË","",True
19,2,51,1,"2009/02/27","2009/02/27 10:00:00","2009/02/27 10:30:00","ãLò^9:00-9:30 í√ìcà„â@ëóÇË","",False
5,2,1,1,"2009/02/27","2009/02/27 11:30:00","2009/02/27 14:30:00","ç„ëÂéÛêf ó\ñÒéûä‘13:00","",True
19,3,51,1,"2009/02/27","2009/02/27 11:30:00","2009/02/27 12:00:00","í√ìcå}Ç¶","",False
26,43,51,1,"2009/02/27","2009/02/27 11:30:00","2009/02/27 12:00:00","ì¸â@íÜÇ…Çƒ∑¨›æŸ í√ìcå}Ç¶","",True
19,5,52,1,"2009/02/27","2009/02/27 12:30:00","2009/02/27 13:30:00","","",False
2,6,3,1,"2009/02/27","2009/02/27 13:30:00","2009/02/27 17:30:00","ïlâYí¨ ﬁΩí‚Ç…13:20ÇªÇÃå„ê_åÀésñ”çsÇ´é©ëÓëóÇË","",False
8,8,2,1,"2009/02/27","2009/02/27 14:00:00","2009/02/27 16:00:00","","",False
19,2,51,1,"2009/02/27","2009/02/27 14:30:00","2009/02/27 15:00:00","ê¬ñÿÿ Àﬁÿ","",False
26,43,51,1,"2009/02/27","2009/02/27 14:30:00","2009/02/27 15:00:00","ì¸â@íÜÇ…Çƒ∑¨›æŸ ê¬ñÿëóÇË","",True
24,31,3,1,"2009/02/27","2009/02/27 15:20:00","2009/02/27 16:20:00","","",False
11,20,3,1,"2009/02/27","2009/02/27 15:20:00","2009/02/27 16:20:00","","",False
1,32,3,1,"2009/02/27","2009/02/27 15:30:00","2009/02/27 16:30:00","çÏã∆èäå}Ç¶°","",False
22,3,3,1,"2009/02/27","2009/02/27 15:30:00","2009/02/27 16:30:00","","",False
8,8,1,1,"2009/02/27","2009/02/27 16:00:00","2009/02/27 17:30:00","","",False
11,20,1,1,"2009/02/27","2009/02/27 16:20:00","2009/02/27 17:20:00","","",False
20,3,1,1,"2009/02/27","2009/02/27 18:00:00","2009/02/27 19:30:00","","",False
8,6,1,1,"2009/02/27","2009/02/27 19:30:00","2009/02/27 21:00:00","","",False
8,32,1,1,"2009/02/27","2009/02/27 23:00:00","2009/02/28 00:00:00","","",False
8,14,1,1,"2009/02/28","2009/02/28 05:00:00","2009/02/28 06:30:00","","",False
2,8,1,1,"2009/02/28","2009/02/28 08:45:00","2009/02/28 10:45:00","ë∫ì‡éïâ»10:00ó\ñÒ","",False
8,25,1,1,"2009/02/28","2009/02/28 09:00:00","2009/02/28 11:00:00","","",False
16,32,3,1,"2009/02/28","2009/02/28 10:00:00","2009/02/28 16:00:00","","",False
18,3,3,1,"2009/02/28","2009/02/28 10:00:00","2009/02/28 17:00:00","","",False
5,1,1,1,"2009/02/28","2009/02/28 10:30:00","2009/02/28 11:30:00","","",False
2,8,3,1,"2009/02/28","2009/02/28 10:45:00","2009/02/28 16:45:00","íÀÇµÇÒÇ…ÇƒíãêHéñçœÇ‹Çπ§ÇÃÇøºÆØÀﬂ›∏ﬁ","",False
8,25,2,1,"2009/02/28","2009/02/28 11:00:00","2009/02/28 13:00:00","","",False
20,6,3,1,"2009/02/28","2009/02/28 11:00:00","2009/02/28 15:30:00","","",False
4,5,3,1,"2009/02/28","2009/02/28 11:00:00","2009/02/28 16:00:00","","",False
8,25,3,1,"2009/02/28","2009/02/28 13:00:00","2009/02/28 15:00:00","","",False
13,9,1,1,"2009/02/28","2009/02/28 14:00:00","2009/02/28 17:00:00","óøóù","",False
5,1,1,1,"2009/02/28","2009/02/28 15:00:00","2009/02/28 16:00:00","","",False
8,32,1,1,"2009/02/28","2009/02/28 16:00:00","2009/02/28 17:30:00","","",False
4,5,1,1,"2009/02/28","2009/02/28 16:00:00","2009/02/28 18:00:00","","",False
18,3,1,1,"2009/02/28","2009/02/28 17:00:00","2009/02/28 19:00:00","ó[êHït","",False
8,5,1,1,"2009/02/28","2009/02/28 19:30:00","2009/02/28 21:00:00","","",False
8,36,1,1,"2009/02/28","2009/02/28 23:00:00","2009/03/01 00:00:00","","",False
