1,2,3,1,"2009/01/03","2009/01/03 09:00:00","2009/01/03 10:00:00","aaa","bbb",False
1,2,3,2,"2009/01/03","2009/01/03 09:00:00","2009/01/03 10:00:00","ccc","ddd",True
1,2,3,2,"2009/01/05","2009/01/05 09:00:00","2009/01/05 10:00:00","","",False
1,2,3,1,"2009/01/05","2009/01/05 09:00:00","2009/01/05 10:00:00","viwtest","",False
1,2,3,1,"2009/01/05","2009/01/05 15:30:00","2009/01/05 17:00:00","","",False
1,2,3,2,"2009/01/05","2009/01/05 15:30:00","2009/01/05 17:00:00","","",False
1,2,3,2,"2009/01/06","2009/01/06 15:30:00","2009/01/06 18:00:00","","",False
1,2,3,1,"2009/01/06","2009/01/06 15:30:00","2009/01/06 18:00:00","","",False
1,2,3,1,"2009/01/07","2009/01/07 09:00:00","2009/01/07 10:00:00","","",False
1,2,3,2,"2009/01/07","2009/01/07 09:00:00","2009/01/07 10:00:00","","",False
1,2,3,2,"2009/01/07","2009/01/07 15:30:00","2009/01/07 16:30:00","","",False
1,2,3,1,"2009/01/07","2009/01/07 15:30:00","2009/01/07 16:30:00","","kanma,jaka",False
1,1,3,1,"2009/01/08","2009/01/08 09:00:00","2009/01/08 10:00:00","","",False
1,1,3,2,"2009/01/08","2009/01/08 09:00:00","2009/01/08 10:00:00","","",False
1,2,3,2,"2009/01/08","2009/01/08 15:30:00","2009/01/08 16:30:00","","",False
1,2,3,1,"2009/01/08","2009/01/08 15:30:00","2009/01/08 16:30:00","","hidetest",False
1,3,3,2,"2009/01/09","2009/01/09 15:30:00","2009/01/09 16:30:00","","",False
1,3,3,1,"2009/01/09","2009/01/09 15:30:00","2009/01/09 16:30:00","","",False
1,2,3,2,"2009/01/10","2009/01/10 09:00:00","2009/01/10 10:00:00","","",False
1,2,3,1,"2009/01/10","2009/01/10 09:00:00","2009/01/10 10:00:00","Ç†Ç¢Ç†Ç¢èoãŒì˙","",False
1,2,3,1,"2009/01/10","2009/01/10 15:30:00","2009/01/10 16:30:00","","",False
1,2,3,2,"2009/01/10","2009/01/10 15:30:00","2009/01/10 16:30:00","","",False
1,32,3,2,"2009/01/13","2009/01/13 15:30:00","2009/01/13 18:00:00","","",False
1,32,3,1,"2009/01/13","2009/01/13 15:30:00","2009/01/13 18:00:00","","",False
1,2,3,1,"2009/01/14","2009/01/14 09:00:00","2009/01/14 10:00:00","","",False
1,2,3,2,"2009/01/14","2009/01/14 09:00:00","2009/01/14 10:00:00","","",False
1,2,3,2,"2009/01/14","2009/01/14 15:30:00","2009/01/14 17:30:00","","",False
1,2,3,1,"2009/01/14","2009/01/14 15:30:00","2009/01/14 17:30:00","éUîØÇ…òAÇÍÇƒçsÇ¡ÇƒÇ≠ÇæÇ≥Ç¢","",False
1,1,3,2,"2009/01/15","2009/01/15 09:00:00","2009/01/15 10:00:00","","",False
1,1,3,1,"2009/01/15","2009/01/15 09:00:00","2009/01/15 10:00:00","","",False
1,2,3,1,"2009/01/15","2009/01/15 15:30:00","2009/01/15 17:30:00","","",False
1,2,3,2,"2009/01/15","2009/01/15 15:30:00","2009/01/15 17:30:00","","",False
1,3,3,1,"2009/01/16","2009/01/16 15:30:00","2009/01/16 16:30:00","","",False
1,3,3,2,"2009/01/16","2009/01/16 15:30:00","2009/01/16 16:30:00","","",False
1,2,3,2,"2009/01/19","2009/01/19 09:00:00","2009/01/19 10:00:00","","",False
1,2,3,1,"2009/01/19","2009/01/19 09:00:00","2009/01/19 10:00:00","é¿ìÆñr","",False
1,2,3,1,"2009/01/19","2009/01/19 15:30:00","2009/01/19 16:30:00","","",False
1,2,3,2,"2009/01/19","2009/01/19 15:30:00","2009/01/19 16:30:00","","",False
1,32,3,2,"2009/01/20","2009/01/20 15:30:00","2009/01/20 18:00:00","","",False
1,32,3,1,"2009/01/20","2009/01/20 15:30:00","2009/01/20 18:00:00","","",False
1,2,3,1,"2009/01/21","2009/01/21 09:00:00","2009/01/21 10:00:00","","",False
1,2,3,2,"2009/01/21","2009/01/21 09:00:00","2009/01/21 10:00:00","","",False
1,2,3,2,"2009/01/21","2009/01/21 15:30:00","2009/01/21 16:30:00","","",False
1,2,3,1,"2009/01/21","2009/01/21 15:30:00","2009/01/21 16:30:00","","",False
1,1,3,1,"2009/01/22","2009/01/22 09:00:00","2009/01/22 10:00:00","","",False
1,1,3,2,"2009/01/22","2009/01/22 09:00:00","2009/01/22 10:00:00","","",False
1,1,3,2,"2009/01/22","2009/01/22 15:30:00","2009/01/22 16:30:00","","",False
1,2,3,1,"2009/01/22","2009/01/22 15:30:00","2009/01/22 16:30:00","","",False
1,3,3,1,"2009/01/23","2009/01/23 15:30:00","2009/01/23 16:30:00","","",False
1,3,3,2,"2009/01/23","2009/01/23 15:30:00","2009/01/23 16:30:00","","",False
1,2,3,2,"2009/01/24","2009/01/24 09:00:00","2009/01/24 10:00:00","","",False
1,2,3,1,"2009/01/24","2009/01/24 09:00:00","2009/01/24 10:00:00","","",False
1,2,3,1,"2009/01/24","2009/01/24 15:30:00","2009/01/24 16:30:00","","",False
1,2,3,2,"2009/01/24","2009/01/24 15:30:00","2009/01/24 16:30:00","","",False
1,2,3,2,"2009/01/26","2009/01/26 09:00:00","2009/01/26 10:00:00","","",False
1,2,3,1,"2009/01/26","2009/01/26 09:00:00","2009/01/26 10:00:00","é¿ìÆñr","",False
1,2,3,1,"2009/01/26","2009/01/26 15:30:00","2009/01/26 16:30:00","","",False
1,2,3,2,"2009/01/26","2009/01/26 15:30:00","2009/01/26 16:30:00","","",False
1,2,3,2,"2009/01/27","2009/01/27 15:30:00","2009/01/27 18:00:00","","",False
1,32,3,1,"2009/01/27","2009/01/27 15:30:00","2009/01/27 18:00:00","","",False
1,2,3,1,"2009/01/28","2009/01/28 09:00:00","2009/01/28 10:00:00","í∑èFëëîëÇ‹ÇËÇÃà◊í©ÇÃÇ›  å}ÇÃÕŸÃﬂÇ»Çµ","",True
1,2,3,2,"2009/01/28","2009/01/28 09:00:00","2009/01/28 10:00:00","","",False
1,2,3,2,"2009/01/29","2009/01/29 15:30:00","2009/01/29 18:00:00","","",False
1,2,3,1,"2009/01/29","2009/01/29 15:30:00","2009/01/29 18:00:00","Œ∞—ñæÇØé©ëÓëóÇË í©ÇÃÕŸÃﬂÇ»Çµ ïÍÇ©ÇÁâÑí∑äÛñ]Ç†ÇË18éûÇ‹Ç≈Ç∆Ç∑ÇÈ","",False
1,3,3,1,"2009/01/30","2009/01/30 15:30:00","2009/01/30 16:30:00","","",False
1,2,3,2,"2009/01/30","2009/01/30 15:30:00","2009/01/30 16:30:00","","",False
2,6,3,1,"2009/01/09","2009/01/09 12:00:00","2009/01/09 15:00:00","ç°ñkëççáæ›¿-å}Ç¶äOèoâÓèï íãêHÇ†ÇË à„ó√ê∂ã¶ÿ Àﬁÿ16:00ó\ñÒ°ÇªÇÃå„Ç≤é©ëÓÇ÷","",False
2,6,3,2,"2009/01/09","2009/01/09 12:00:00","2009/01/09 15:00:00","","",False
2,8,1,1,"2009/01/09","2009/01/09 15:00:00","2009/01/09 17:00:00","","",False
2,8,1,2,"2009/01/09","2009/01/09 15:00:00","2009/01/09 17:00:00","","",False
2,1,3,2,"2009/01/17","2009/01/17 10:00:00","2009/01/17 16:00:00","ëÃí≤ïsó«","",False
2,6,3,1,"2009/01/17","2009/01/17 10:00:00","2009/01/17 16:00:00","é©ëÓÇ©ÇÁé©ëÓ íãêHÇ†ÇË","",False
2,6,3,1,"2009/01/30","2009/01/30 13:20:00","2009/01/30 15:00:00","ïlâYí¨ ﬁΩí‚å}Ç¶ ÇªÇÃå„ íãêHÇ∆ÇËñ”äwçZÇ÷çsÇ≠ ﬁΩí‚ïœÇÌÇÈ°","25ì˙≤›ÃŸ¥›ªﬁî≠è«ÇÃÇΩÇﬂ26ì˙Ç…ÕŸÃﬂ∑¨›æŸòAóçÇ†ÇË",True
2,6,1,1,"2009/01/30","2009/01/30 15:00:00","2009/01/30 17:30:00","åPó˚ ÇªÇÃå„ é©ëÓÇ÷","26ì˙∑¨›æŸ",True
4,32,3,1,"2009/01/03","2009/01/03 10:00:00","2009/01/03 18:00:00","","",False
4,32,3,2,"2009/01/03","2009/01/03 10:00:00","2009/01/03 18:00:00","","",False
4,2,1,2,"2009/01/06","2009/01/06 07:00:00","2009/01/06 08:00:00","","",False
4,2,1,1,"2009/01/06","2009/01/06 07:00:00","2009/01/06 08:00:00","","",False
4,5,3,1,"2009/01/06","2009/01/06 16:00:00","2009/01/06 18:00:00","","",False
4,5,3,2,"2009/01/06","2009/01/06 16:00:00","2009/01/06 18:00:00","","",False
4,3,1,2,"2009/01/06","2009/01/06 18:00:00","2009/01/06 19:30:00","","",False
4,3,1,1,"2009/01/06","2009/01/06 18:00:00","2009/01/06 19:30:00","","",False
4,2,1,2,"2009/01/07","2009/01/07 07:00:00","2009/01/07 08:00:00","","",False
4,2,1,1,"2009/01/07","2009/01/07 07:00:00","2009/01/07 08:00:00","","",False
4,1,3,1,"2009/01/07","2009/01/07 16:00:00","2009/01/07 17:30:00","","",False
4,1,3,2,"2009/01/07","2009/01/07 16:00:00","2009/01/07 17:30:00","","",False
4,2,1,2,"2009/01/08","2009/01/08 07:00:00","2009/01/08 08:00:00","","",False
4,2,1,1,"2009/01/08","2009/01/08 07:00:00","2009/01/08 08:00:00","","",False
4,5,3,1,"2009/01/08","2009/01/08 16:00:00","2009/01/08 18:00:00","","",False
4,5,3,2,"2009/01/08","2009/01/08 16:00:00","2009/01/08 18:00:00","","",False
4,3,1,2,"2009/01/08","2009/01/08 18:00:00","2009/01/08 19:30:00","","",False
4,3,1,1,"2009/01/08","2009/01/08 18:00:00","2009/01/08 19:30:00","","",False
4,5,3,1,"2009/01/11","2009/01/11 10:00:00","2009/01/11 16:00:00","","",False
4,5,3,2,"2009/01/11","2009/01/11 10:00:00","2009/01/11 16:00:00","","",False
4,5,1,2,"2009/01/11","2009/01/11 16:00:00","2009/01/11 18:00:00","","",False
4,5,1,1,"2009/01/11","2009/01/11 16:00:00","2009/01/11 18:00:00","","",False
4,2,1,1,"2009/01/13","2009/01/13 07:00:00","2009/01/13 08:00:00","","",False
4,2,1,2,"2009/01/13","2009/01/13 07:00:00","2009/01/13 08:00:00","","",False
4,3,3,2,"2009/01/13","2009/01/13 16:00:00","2009/01/13 18:00:00","","",False
4,3,3,1,"2009/01/13","2009/01/13 16:00:00","2009/01/13 18:00:00","","",False
4,3,1,1,"2009/01/13","2009/01/13 18:00:00","2009/01/13 19:30:00","","",False
4,3,1,2,"2009/01/13","2009/01/13 18:00:00","2009/01/13 19:30:00","","",False
4,2,1,2,"2009/01/14","2009/01/14 07:00:00","2009/01/14 08:00:00","","",False
4,2,1,1,"2009/01/14","2009/01/14 07:00:00","2009/01/14 08:00:00","","",False
4,1,3,1,"2009/01/14","2009/01/14 16:00:00","2009/01/14 17:30:00","","",False
4,1,3,2,"2009/01/14","2009/01/14 16:00:00","2009/01/14 17:30:00","","",False
4,2,1,2,"2009/01/15","2009/01/15 07:00:00","2009/01/15 08:00:00","","",False
4,2,1,1,"2009/01/15","2009/01/15 07:00:00","2009/01/15 08:00:00","","",False
4,5,3,1,"2009/01/15","2009/01/15 16:00:00","2009/01/15 18:00:00","","",False
4,5,3,2,"2009/01/15","2009/01/15 16:00:00","2009/01/15 18:00:00","","",False
4,3,1,2,"2009/01/15","2009/01/15 18:00:00","2009/01/15 19:30:00","","",False
4,3,1,1,"2009/01/15","2009/01/15 18:00:00","2009/01/15 19:30:00","","",False
4,32,3,2,"2009/01/18","2009/01/18 10:00:00","2009/01/18 17:00:00","","",False
4,32,3,1,"2009/01/18","2009/01/18 10:00:00","2009/01/18 17:00:00","","",False
4,32,1,1,"2009/01/18","2009/01/18 17:00:00","2009/01/18 18:00:00","","",False
4,32,1,2,"2009/01/18","2009/01/18 17:00:00","2009/01/18 18:00:00","","",False
4,2,1,2,"2009/01/20","2009/01/20 07:00:00","2009/01/20 08:00:00","","",False
4,2,1,1,"2009/01/20","2009/01/20 07:00:00","2009/01/20 08:00:00","","",False
4,5,3,1,"2009/01/20","2009/01/20 16:00:00","2009/01/20 18:00:00","","",False
4,5,3,2,"2009/01/20","2009/01/20 16:00:00","2009/01/20 18:00:00","","",False
4,3,1,2,"2009/01/20","2009/01/20 18:00:00","2009/01/20 19:30:00","","",False
4,3,1,1,"2009/01/20","2009/01/20 18:00:00","2009/01/20 19:30:00","","",False
4,2,1,1,"2009/01/21","2009/01/21 07:00:00","2009/01/21 08:00:00","","",False
4,2,1,2,"2009/01/21","2009/01/21 07:00:00","2009/01/21 08:00:00","","",False
4,1,3,2,"2009/01/21","2009/01/21 16:00:00","2009/01/21 17:30:00","","",False
4,1,3,1,"2009/01/21","2009/01/21 16:00:00","2009/01/21 17:30:00","","",False
4,2,1,1,"2009/01/22","2009/01/22 07:00:00","2009/01/22 08:00:00","","",False
4,1,1,2,"2009/01/22","2009/01/22 07:00:00","2009/01/22 08:00:00","","",False
4,5,3,2,"2009/01/22","2009/01/22 16:00:00","2009/01/22 18:00:00","","",False
4,5,3,1,"2009/01/22","2009/01/22 16:00:00","2009/01/22 18:00:00","","",False
4,3,1,1,"2009/01/22","2009/01/22 18:00:00","2009/01/22 19:30:00","","",False
4,3,1,2,"2009/01/22","2009/01/22 18:00:00","2009/01/22 19:30:00","","",False
4,2,1,1,"2009/01/27","2009/01/27 07:00:00","2009/01/27 08:00:00","","",False
4,2,1,2,"2009/01/27","2009/01/27 07:00:00","2009/01/27 08:00:00","","",False
4,5,3,1,"2009/01/27","2009/01/27 16:00:00","2009/01/27 18:00:00","","",False
4,5,3,2,"2009/01/27","2009/01/27 16:00:00","2009/01/27 18:00:00","","",False
4,3,1,2,"2009/01/27","2009/01/27 18:00:00","2009/01/27 19:30:00","","",False
4,3,1,1,"2009/01/27","2009/01/27 18:00:00","2009/01/27 19:30:00","","",False
4,2,1,1,"2009/01/28","2009/01/28 07:00:00","2009/01/28 08:00:00","","",False
4,2,1,2,"2009/01/28","2009/01/28 07:00:00","2009/01/28 08:00:00","","",False
4,1,3,2,"2009/01/28","2009/01/28 16:00:00","2009/01/28 17:30:00","","",False
4,1,3,1,"2009/01/28","2009/01/28 16:00:00","2009/01/28 17:30:00","","",False
4,1,1,1,"2009/01/29","2009/01/29 07:00:00","2009/01/29 08:00:00","","",False
4,1,1,2,"2009/01/29","2009/01/29 09:00:00","2009/01/29 10:00:00","","",False
4,3,3,2,"2009/01/29","2009/01/29 16:00:00","2009/01/29 18:00:00","","",False
4,3,3,1,"2009/01/29","2009/01/29 16:00:00","2009/01/29 18:00:00","","",False
4,3,1,1,"2009/01/29","2009/01/29 18:00:00","2009/01/29 19:30:00","","",False
4,3,1,2,"2009/01/29","2009/01/29 18:00:00","2009/01/29 19:30:00","","",False
5,1,1,1,"2009/01/02","2009/01/02 10:00:00","2009/01/02 11:00:00","âiêmâÔïaâ@ ìßêÕëóÇË","",False
5,1,1,2,"2009/01/02","2009/01/02 10:00:00","2009/01/02 11:00:00","","",False
5,1,1,2,"2009/01/02","2009/01/02 14:00:00","2009/01/02 15:00:00","","",False
5,1,1,1,"2009/01/02","2009/01/02 14:00:00","2009/01/02 15:00:00","å}Ç¶","",False
5,11,3,1,"2009/01/04","2009/01/04 10:00:00","2009/01/04 17:00:00","","",True
5,11,3,2,"2009/01/04","2009/01/04 10:00:00","2009/01/04 17:00:00","","",True
5,1,1,2,"2009/01/05","2009/01/05 10:00:00","2009/01/05 11:00:00","","",False
5,1,1,1,"2009/01/05","2009/01/05 10:00:00","2009/01/05 11:00:00","âiêmâÔïaâ@ ìßêÕëóÇË","",False
5,5,1,1,"2009/01/05","2009/01/05 14:00:00","2009/01/05 15:00:00","âiêmâÔïaâ@ ìßêÕå}Ç¶é©ëÓëóÇË","",False
5,5,1,2,"2009/01/05","2009/01/05 14:00:00","2009/01/05 15:00:00","","",False
5,1,3,2,"2009/01/06","2009/01/06 14:00:00","2009/01/06 18:00:00","","",False
5,1,3,1,"2009/01/06","2009/01/06 14:00:00","2009/01/06 18:00:00","óYóSÇ∆√ﬁ∞ƒ","",False
5,3,1,1,"2009/01/07","2009/01/07 10:00:00","2009/01/07 11:00:00","âiêmâÔïaâ@ ìßêÕëóÇË","",False
5,3,1,2,"2009/01/07","2009/01/07 10:00:00","2009/01/07 11:00:00","","",False
5,2,1,2,"2009/01/07","2009/01/07 14:00:00","2009/01/07 15:00:00","","",False
5,2,1,1,"2009/01/07","2009/01/07 14:00:00","2009/01/07 15:00:00","âiêmâÔïaâ@ ìßêÕå}Ç¶é©ëÓëóÇË","",False
5,21,1,1,"2009/01/08","2009/01/08 10:30:00","2009/01/08 14:30:00","ï∫å…à„ëÂîÂîAäÌâ»éÛêf ó\ñÒéûä‘12:00 é©ëÓå}Ç¶11:00 éoÕŸÃëóå} ñMéq","",False
5,21,1,2,"2009/01/08","2009/01/08 10:30:00","2009/01/08 14:30:00","","",False
5,3,1,2,"2009/01/09","2009/01/09 10:00:00","2009/01/09 11:00:00","","",False
5,3,1,1,"2009/01/09","2009/01/09 10:00:00","2009/01/09 11:00:00","âiêmâÔïaâ@ ìßêÕëóÇË","",False
5,3,1,1,"2009/01/09","2009/01/09 14:00:00","2009/01/09 15:00:00","å}Ç¶","",False
5,3,1,2,"2009/01/09","2009/01/09 14:00:00","2009/01/09 15:00:00","","",False
5,21,3,1,"2009/01/10","2009/01/10 13:00:00","2009/01/10 18:00:00","","",True
5,21,3,2,"2009/01/10","2009/01/10 13:00:00","2009/01/10 18:00:00","","",True
5,1,1,2,"2009/01/12","2009/01/12 10:00:00","2009/01/12 11:00:00","","",False
5,1,1,1,"2009/01/12","2009/01/12 10:00:00","2009/01/12 11:00:00","âiêmâÔïaâ@ ìßêÕëóÇË","",False
5,1,1,1,"2009/01/12","2009/01/12 14:00:00","2009/01/12 15:00:00","âiêmâÔïaâ@ ìßêÕå}Ç¶é©ëÓëóÇË","",False
5,1,1,2,"2009/01/12","2009/01/12 14:00:00","2009/01/12 15:00:00","","",False
5,21,3,1,"2009/01/13","2009/01/13 13:00:00","2009/01/13 18:00:00","","",True
5,21,3,2,"2009/01/13","2009/01/13 13:00:00","2009/01/13 18:00:00","","",True
5,3,1,1,"2009/01/14","2009/01/14 10:00:00","2009/01/14 11:00:00","âiêmâÔïaâ@ ìßêÕëóÇË","",False
5,3,1,2,"2009/01/14","2009/01/14 10:00:00","2009/01/14 11:00:00","","",False
5,1,1,2,"2009/01/14","2009/01/14 14:00:00","2009/01/14 15:00:00","","",False
5,1,1,1,"2009/01/14","2009/01/14 14:00:00","2009/01/14 15:00:00","âiêmâÔïaâ@ ìßêÕå}Ç¶é©ëÓëóÇË","",False
5,11,3,1,"2009/01/15","2009/01/15 13:00:00","2009/01/15 18:00:00","","",True
5,11,3,2,"2009/01/15","2009/01/15 13:00:00","2009/01/15 18:00:00","","",True
5,3,1,1,"2009/01/16","2009/01/16 10:00:00","2009/01/16 11:00:00","âiêmâÔïaâ@ ìßêÕëóÇË","",False
5,1,1,2,"2009/01/16","2009/01/16 10:00:00","2009/01/16 11:00:00","","",False
5,3,1,1,"2009/01/16","2009/01/16 14:00:00","2009/01/16 15:00:00","å}Ç¶","",False
5,3,1,2,"2009/01/16","2009/01/16 14:00:00","2009/01/16 15:00:00","","",False
5,21,3,1,"2009/01/17","2009/01/17 13:00:00","2009/01/17 18:00:00","","",True
5,21,3,2,"2009/01/17","2009/01/17 13:00:00","2009/01/17 18:00:00","","",True
5,11,3,1,"2009/01/18","2009/01/18 10:00:00","2009/01/18 17:00:00","","",True
5,11,3,2,"2009/01/18","2009/01/18 10:00:00","2009/01/18 17:00:00","","",True
5,1,1,2,"2009/01/19","2009/01/19 10:30:00","2009/01/19 11:30:00","","",False
5,1,1,1,"2009/01/19","2009/01/19 10:30:00","2009/01/19 11:30:00","âiêmâÔïaâ@ ìßêÕëóÇË","",False
5,1,1,1,"2009/01/19","2009/01/19 14:00:00","2009/01/19 15:00:00","âiêmâÔïaâ@ ìßêÕå}Ç¶é©ëÓëóÇË","",False
5,1,1,2,"2009/01/19","2009/01/19 14:00:00","2009/01/19 15:00:00","","",False
5,1,3,1,"2009/01/20","2009/01/20 14:00:00","2009/01/20 18:00:00","óYóSÇ∆√ﬁ∞ƒ","",False
5,1,3,2,"2009/01/20","2009/01/20 14:00:00","2009/01/20 18:00:00","","",False
5,3,1,1,"2009/01/21","2009/01/21 10:30:00","2009/01/21 11:30:00","âiêmâÔïaâ@ ìßêÕëóÇË","",False
5,3,1,2,"2009/01/21","2009/01/21 10:30:00","2009/01/21 11:30:00","","",False
5,1,1,2,"2009/01/21","2009/01/21 14:00:00","2009/01/21 15:00:00","","",False
5,1,1,1,"2009/01/21","2009/01/21 14:00:00","2009/01/21 15:00:00","âiêmâÔïaâ@ ìßêÕå}Ç¶é©ëÓëóÇË","",False
5,9,3,1,"2009/01/22","2009/01/22 09:30:00","2009/01/22 13:00:00","é‘≤Ω¿ﬁ›Ω ñMéqëóå}","",False
5,9,3,2,"2009/01/22","2009/01/22 09:30:00","2009/01/22 13:00:00","","",False
5,1,1,2,"2009/01/23","2009/01/23 08:00:00","2009/01/23 09:00:00","","",False
5,1,1,1,"2009/01/23","2009/01/23 08:00:00","2009/01/23 09:00:00","ï†ïî¥∫-Ç…Çƒ8:30Ç…ÇÕ§Ç≤é©ëÓÇ…íÖÇ≠Ç±Ç∆âiêmâÔïaâ@ ìßêÕëóÇË","",False
5,3,1,1,"2009/01/23","2009/01/23 14:00:00","2009/01/23 15:00:00","å}Ç¶","",False
5,3,1,2,"2009/01/23","2009/01/23 14:00:00","2009/01/23 15:00:00","","",False
5,21,3,1,"2009/01/24","2009/01/24 11:00:00","2009/01/24 17:30:00","","",True
5,21,3,2,"2009/01/24","2009/01/24 11:00:00","2009/01/24 17:30:00","","",True
5,11,3,1,"2009/01/25","2009/01/25 10:00:00","2009/01/25 17:00:00","","",True
5,11,3,2,"2009/01/25","2009/01/25 10:00:00","2009/01/25 17:00:00","","",True
5,1,1,1,"2009/01/26","2009/01/26 10:30:00","2009/01/26 11:30:00","âiêmâÔïaâ@ ìßêÕëóÇË","",False
5,1,1,2,"2009/01/26","2009/01/26 10:30:00","2009/01/26 11:30:00","","",False
5,1,1,2,"2009/01/26","2009/01/26 14:00:00","2009/01/26 15:00:00","","",False
5,1,1,1,"2009/01/26","2009/01/26 14:00:00","2009/01/26 15:00:00","âiêmâÔïaâ@ ìßêÕå}Ç¶é©ëÓëóÇË","",False
5,1,3,2,"2009/01/27","2009/01/27 14:00:00","2009/01/27 18:00:00","","",False
5,1,3,1,"2009/01/27","2009/01/27 14:00:00","2009/01/27 18:00:00","óYóSÇ∆√ﬁ∞ƒ","",False
5,3,1,1,"2009/01/28","2009/01/28 10:30:00","2009/01/28 11:30:00","âiêmâÔïaâ@ ìßêÕëóÇË","",False
5,3,1,2,"2009/01/28","2009/01/28 10:30:00","2009/01/28 11:30:00","","",False
5,1,1,2,"2009/01/28","2009/01/28 14:00:00","2009/01/28 15:00:00","","",False
5,1,1,1,"2009/01/28","2009/01/28 14:00:00","2009/01/28 15:00:00","âiêmâÔïaâ@ ìßêÕå}Ç¶é©ëÓëóÇË","",False
5,11,3,1,"2009/01/29","2009/01/29 13:00:00","2009/01/29 18:00:00","","",True
5,11,3,2,"2009/01/29","2009/01/29 13:00:00","2009/01/29 18:00:00","","",True
5,1,1,1,"2009/01/30","2009/01/30 10:30:00","2009/01/30 11:30:00","âiêmâÔïaâ@ ìßêÕëóÇË","",False
5,1,1,2,"2009/01/30","2009/01/30 10:30:00","2009/01/30 11:30:00","","",False
5,1,1,2,"2009/01/30","2009/01/30 14:00:00","2009/01/30 15:00:00","","",False
5,3,1,1,"2009/01/30","2009/01/30 14:00:00","2009/01/30 15:00:00","å}Ç¶","",False
5,1,3,1,"2009/01/31","2009/01/31 14:00:00","2009/01/31 18:00:00","óYóS√ﬁ∞ƒ","",False
5,1,3,2,"2009/01/31","2009/01/31 14:00:00","2009/01/31 18:00:00","óYóS√ﬁ∞ƒ","",False
6,21,3,1,"2009/01/01","2009/01/01 10:00:00","2009/01/01 18:00:00","","",True
6,21,3,2,"2009/01/01","2009/01/01 10:00:00","2009/01/01 18:00:00","","",True
6,11,3,1,"2009/01/02","2009/01/02 10:00:00","2009/01/02 18:00:00","","",True
6,11,3,2,"2009/01/02","2009/01/02 10:00:00","2009/01/02 18:00:00","","",True
6,4,1,2,"2009/01/05","2009/01/05 14:00:00","2009/01/05 16:00:00","éüâÒ2åé2ì˙14:30ó\ñÒ","",False
6,4,1,1,"2009/01/05","2009/01/05 14:00:00","2009/01/05 16:00:00","à„ó√ê∂ã¶ êÆå`äOâ»éÛêf ó\ñÒéûä‘14:30","",False
6,4,1,2,"2009/01/06","2009/01/06 10:00:00","2009/01/06 12:00:00","","",False
6,4,1,1,"2009/01/06","2009/01/06 10:00:00","2009/01/06 12:00:00","ÿ Àﬁÿ ñMéqëŒâû","",False
6,11,1,1,"2009/01/07","2009/01/07 10:00:00","2009/01/07 12:00:00","à„ó√ê∂ã¶ÿ Àﬁÿó\ñÒ10:40","",False
6,11,1,2,"2009/01/07","2009/01/07 10:00:00","2009/01/07 12:00:00","à„ó√ê∂ã¶ÿ Àﬁÿó\ñÒ10:40","",False
6,29,3,2,"2009/01/07","2009/01/07 13:00:00","2009/01/07 18:00:00","","",True
6,29,3,1,"2009/01/07","2009/01/07 13:00:00","2009/01/07 18:00:00","","",True
6,21,1,1,"2009/01/09","2009/01/09 10:00:00","2009/01/09 12:00:00","ÿ Àﬁÿ10:40ó\ñÒ","",False
6,21,1,2,"2009/01/09","2009/01/09 10:00:00","2009/01/09 12:00:00","ÿ Àﬁÿ10:40ó\ñÒ","",False
6,17,3,2,"2009/01/09","2009/01/09 13:00:00","2009/01/09 18:00:00","","",True
6,17,3,1,"2009/01/09","2009/01/09 13:00:00","2009/01/09 18:00:00","","",True
6,17,3,1,"2009/01/12","2009/01/12 10:00:00","2009/01/12 18:00:00","","",True
6,17,3,2,"2009/01/12","2009/01/12 10:00:00","2009/01/12 18:00:00","","",True
6,21,3,1,"2009/01/14","2009/01/14 13:00:00","2009/01/14 16:00:00","","",False
6,21,3,2,"2009/01/14","2009/01/14 13:00:00","2009/01/14 16:00:00","","",False
6,29,1,2,"2009/01/14","2009/01/14 18:00:00","2009/01/14 20:00:00","","",True
6,29,1,1,"2009/01/14","2009/01/14 18:00:00","2009/01/14 20:00:00","","",True
6,21,1,1,"2009/01/16","2009/01/16 10:30:00","2009/01/16 12:30:00","ÿ Àﬁÿó\ñÒ11:00","",False
6,21,1,2,"2009/01/16","2009/01/16 10:30:00","2009/01/16 12:30:00","ÿ Àﬁÿó\ñÒ11:00","",False
6,17,3,2,"2009/01/16","2009/01/16 13:00:00","2009/01/16 18:00:00","","",True
6,17,3,1,"2009/01/16","2009/01/16 13:00:00","2009/01/16 18:00:00","","",True
6,11,3,1,"2009/01/17","2009/01/17 10:00:00","2009/01/17 18:00:00","","",True
6,11,3,2,"2009/01/17","2009/01/17 10:00:00","2009/01/17 18:00:00","","",True
6,21,1,1,"2009/01/19","2009/01/19 10:30:00","2009/01/19 12:30:00","ñMéqëŒâû","",False
6,21,1,2,"2009/01/19","2009/01/19 10:30:00","2009/01/19 12:30:00","ñMéqëŒâû","",False
6,17,3,2,"2009/01/19","2009/01/19 13:00:00","2009/01/19 18:00:00","","",True
6,17,3,1,"2009/01/19","2009/01/19 13:00:00","2009/01/19 18:00:00","","",True
6,17,1,1,"2009/01/19","2009/01/19 18:00:00","2009/01/19 20:00:00","","",True
6,17,1,2,"2009/01/19","2009/01/19 18:00:00","2009/01/19 20:00:00","","",True
6,21,1,1,"2009/01/21","2009/01/21 10:30:00","2009/01/21 12:30:00","","",False
6,21,1,2,"2009/01/21","2009/01/21 10:30:00","2009/01/21 12:30:00","","",False
6,29,3,2,"2009/01/21","2009/01/21 13:00:00","2009/01/21 18:00:00","","",True
6,29,3,1,"2009/01/21","2009/01/21 13:00:00","2009/01/21 18:00:00","","",True
6,29,1,1,"2009/01/21","2009/01/21 18:00:00","2009/01/21 20:00:00","","",True
6,29,1,2,"2009/01/21","2009/01/21 18:00:00","2009/01/21 20:00:00","","",True
6,21,1,1,"2009/01/23","2009/01/23 10:30:00","2009/01/23 12:30:00","","",False
6,21,1,2,"2009/01/23","2009/01/23 10:30:00","2009/01/23 12:30:00","","",False
6,29,3,2,"2009/01/23","2009/01/23 13:00:00","2009/01/23 18:00:00","","",True
6,29,3,1,"2009/01/23","2009/01/23 13:00:00","2009/01/23 18:00:00","","",True
6,4,3,1,"2009/01/25","2009/01/25 10:00:00","2009/01/25 17:00:00","","",True
6,4,3,2,"2009/01/25","2009/01/25 10:00:00","2009/01/25 17:00:00","","",True
6,21,1,2,"2009/01/26","2009/01/26 10:30:00","2009/01/26 12:30:00","ÿ Àﬁÿó\ñÒ11:00","",False
6,21,1,1,"2009/01/26","2009/01/26 10:30:00","2009/01/26 12:30:00","ÿ Àﬁÿó\ñÒ11:00","",False
6,17,3,1,"2009/01/26","2009/01/26 13:00:00","2009/01/26 18:00:00","","",True
6,17,3,2,"2009/01/26","2009/01/26 13:00:00","2009/01/26 18:00:00","","",True
6,17,1,2,"2009/01/26","2009/01/26 18:00:00","2009/01/26 20:00:00","","",True
6,17,1,1,"2009/01/26","2009/01/26 18:00:00","2009/01/26 20:00:00","","",True
6,21,1,2,"2009/01/28","2009/01/28 10:30:00","2009/01/28 12:30:00","ÿ Àﬁÿ11:00","",False
6,21,1,1,"2009/01/28","2009/01/28 10:30:00","2009/01/28 12:30:00","ÿ Àﬁÿ11:00","",False
6,29,3,1,"2009/01/28","2009/01/28 13:00:00","2009/01/28 18:00:00","","",True
6,29,3,2,"2009/01/28","2009/01/28 13:00:00","2009/01/28 18:00:00","","",True
6,29,1,2,"2009/01/28","2009/01/28 18:00:00","2009/01/28 20:00:00","","",True
6,29,1,1,"2009/01/28","2009/01/28 18:00:00","2009/01/28 20:00:00","","",True
7,37,3,2,"2009/01/07","2009/01/07 15:30:00","2009/01/07 18:30:00","","",False
7,37,3,1,"2009/01/07","2009/01/07 15:30:00","2009/01/07 18:30:00","","",False
7,61,3,1,"2009/01/11","2009/01/11 12:00:00","2009/01/11 17:00:00","±Ÿ∂≤Ø∏Œ∞ŸÇ≈è·äQé“ê¨êléÆ ïÍìØçs é©ëÓå}Ç¶ âÓèïΩ¿ØÃÇçlÇ¶ÇÈ","",True
7,61,3,2,"2009/01/11","2009/01/11 12:00:00","2009/01/11 17:00:00","èºâ∫ÕŸ ﬂ∞","",False
7,42,3,1,"2009/01/14","2009/01/14 13:30:00","2009/01/14 16:00:00","12ì˙ÇÃê¨êléÆÇÃÕŸÃﬂéûä‘Ç™1éûä‘âÑí∑ÇµÇƒÇ¢ÇÈÇÃÇ≈ñ{ì˙í≤êÆÇ…Çƒ17:30Ç‹Ç≈ÇÃÕŸÃﬂÇ∆Ç»ÇÈ","",False
7,42,3,2,"2009/01/14","2009/01/14 13:30:00","2009/01/14 16:00:00","","",False
7,58,3,1,"2009/01/14","2009/01/14 18:00:00","2009/01/14 20:30:00","","",False
7,58,3,2,"2009/01/14","2009/01/14 18:00:00","2009/01/14 20:30:00","","",False
7,37,3,2,"2009/01/21","2009/01/21 15:30:00","2009/01/21 18:30:00","","",False
7,37,3,1,"2009/01/21","2009/01/21 15:30:00","2009/01/21 18:30:00","ãAÇËÇÕÇ†•Ç‹∞ÇøÇ÷ëóÇËìÕÇØÇÈ°à¯Ç´ë±Ç´§Ç†•Ç‹-ÇøÇ™ÕŸÃﬂÇ…ì¸ÇÈ","",True
7,42,3,1,"2009/01/28","2009/01/28 13:30:00","2009/01/28 16:00:00","çHì°ã≥èKÇÃÇΩÇﬂç≤ñÏå}Ç¶ÇÃÇ›ìØçs","",False
7,42,3,2,"2009/01/28","2009/01/28 13:30:00","2009/01/28 16:00:00","","",False
7,58,3,2,"2009/01/28","2009/01/28 18:00:00","2009/01/28 19:30:00","","",False
7,58,3,1,"2009/01/28","2009/01/28 18:00:00","2009/01/28 19:30:00","","",False
8,3,1,1,"2009/01/01","2009/01/01 05:00:00","2009/01/01 06:30:00","","",False
8,3,1,2,"2009/01/01","2009/01/01 05:00:00","2009/01/01 06:30:00","","",False
8,3,1,2,"2009/01/01","2009/01/01 10:00:00","2009/01/01 12:00:00","","",False
8,3,1,1,"2009/01/01","2009/01/01 10:00:00","2009/01/01 12:00:00","","",False
8,3,2,1,"2009/01/01","2009/01/01 14:00:00","2009/01/01 16:00:00","","",False
8,3,2,2,"2009/01/01","2009/01/01 14:00:00","2009/01/01 16:00:00","","",False
8,3,1,2,"2009/01/01","2009/01/01 16:00:00","2009/01/01 17:30:00","","",False
8,3,1,1,"2009/01/01","2009/01/01 16:00:00","2009/01/01 17:30:00","","",False
8,3,1,1,"2009/01/01","2009/01/01 19:30:00","2009/01/01 21:00:00","","",False
8,3,1,2,"2009/01/01","2009/01/01 19:30:00","2009/01/01 21:00:00","","",False
8,3,1,2,"2009/01/01","2009/01/01 23:00:00","2009/01/02 00:00:00","","",False
8,3,1,1,"2009/01/01","2009/01/01 23:00:00","2009/01/02 00:00:00","","",False
8,6,1,2,"2009/01/02","2009/01/02 05:00:00","2009/01/02 06:30:00","","",False
8,6,1,1,"2009/01/02","2009/01/02 05:00:00","2009/01/02 06:30:00","","",False
8,32,1,1,"2009/01/02","2009/01/02 10:00:00","2009/01/02 12:00:00","","",False
8,32,1,2,"2009/01/02","2009/01/02 10:00:00","2009/01/02 12:00:00","","",False
8,32,2,2,"2009/01/02","2009/01/02 14:00:00","2009/01/02 16:00:00","","",False
8,32,2,1,"2009/01/02","2009/01/02 14:00:00","2009/01/02 16:00:00","","",False
8,32,1,1,"2009/01/02","2009/01/02 16:00:00","2009/01/02 17:30:00","","",False
8,32,1,2,"2009/01/02","2009/01/02 16:00:00","2009/01/02 17:30:00","","",False
8,6,1,2,"2009/01/02","2009/01/02 19:30:00","2009/01/02 21:00:00","","",False
8,6,1,1,"2009/01/02","2009/01/02 19:30:00","2009/01/02 21:00:00","","",False
8,6,1,1,"2009/01/02","2009/01/02 23:00:00","2009/01/03 00:00:00","","",False
8,6,1,2,"2009/01/02","2009/01/02 23:00:00","2009/01/03 00:00:00","","",False
8,14,1,2,"2009/01/03","2009/01/03 05:00:00","2009/01/03 06:30:00","","",False
8,14,1,1,"2009/01/03","2009/01/03 05:00:00","2009/01/03 06:30:00","","",False
8,5,1,1,"2009/01/03","2009/01/03 10:00:00","2009/01/03 12:00:00","","",False
8,5,1,2,"2009/01/03","2009/01/03 10:00:00","2009/01/03 12:00:00","","",False
8,5,2,2,"2009/01/03","2009/01/03 12:00:00","2009/01/03 14:00:00","","",False
8,5,2,1,"2009/01/03","2009/01/03 12:00:00","2009/01/03 14:00:00","","",False
8,5,3,1,"2009/01/03","2009/01/03 14:00:00","2009/01/03 17:00:00","","",False
8,5,3,2,"2009/01/03","2009/01/03 14:00:00","2009/01/03 17:00:00","","",False
8,5,1,2,"2009/01/03","2009/01/03 19:30:00","2009/01/03 21:00:00","","",False
8,5,1,1,"2009/01/03","2009/01/03 19:30:00","2009/01/03 21:00:00","","",False
8,36,1,1,"2009/01/03","2009/01/03 23:00:00","2009/01/04 00:00:00","","",False
8,36,1,2,"2009/01/03","2009/01/03 23:00:00","2009/01/04 00:00:00","","",False
8,14,1,2,"2009/01/04","2009/01/04 05:00:00","2009/01/04 06:30:00","","",False
8,14,1,1,"2009/01/04","2009/01/04 05:00:00","2009/01/04 06:30:00","","",False
8,32,1,2,"2009/01/04","2009/01/04 10:00:00","2009/01/04 12:00:00","","",False
8,32,1,1,"2009/01/04","2009/01/04 10:00:00","2009/01/04 12:00:00","","",False
8,32,2,1,"2009/01/04","2009/01/04 12:00:00","2009/01/04 14:00:00","","",False
8,32,2,2,"2009/01/04","2009/01/04 12:00:00","2009/01/04 14:00:00","","",False
8,32,3,2,"2009/01/04","2009/01/04 14:00:00","2009/01/04 16:00:00","","",False
8,32,3,1,"2009/01/04","2009/01/04 14:00:00","2009/01/04 16:00:00","","",False
8,32,1,2,"2009/01/04","2009/01/04 16:00:00","2009/01/04 17:00:00","","",False
8,32,1,1,"2009/01/04","2009/01/04 16:00:00","2009/01/04 17:00:00","","",False
8,5,1,2,"2009/01/04","2009/01/04 19:30:00","2009/01/04 21:00:00","","",False
8,5,1,1,"2009/01/04","2009/01/04 19:30:00","2009/01/04 21:00:00","","",False
8,36,1,2,"2009/01/04","2009/01/04 23:00:00","2009/01/05 00:00:00","","",False
8,36,1,1,"2009/01/04","2009/01/04 23:00:00","2009/01/05 00:00:00","","",False
8,6,1,1,"2009/01/05","2009/01/05 05:00:00","2009/01/05 06:30:00","","",False
8,6,1,2,"2009/01/05","2009/01/05 05:00:00","2009/01/05 06:30:00","","",False
8,32,1,1,"2009/01/05","2009/01/05 10:30:00","2009/01/05 12:00:00","çÿÇÃâ‘","",False
8,32,1,2,"2009/01/05","2009/01/05 10:30:00","2009/01/05 12:00:00","","",False
8,32,2,2,"2009/01/05","2009/01/05 12:00:00","2009/01/05 14:00:00","","",False
8,32,2,1,"2009/01/05","2009/01/05 12:00:00","2009/01/05 14:00:00","","",False
8,32,1,2,"2009/01/05","2009/01/05 16:00:00","2009/01/05 17:00:00","","",False
8,32,1,1,"2009/01/05","2009/01/05 16:00:00","2009/01/05 17:00:00","","",False
8,5,1,2,"2009/01/05","2009/01/05 19:30:00","2009/01/05 21:00:00","","",False
8,5,1,1,"2009/01/05","2009/01/05 19:30:00","2009/01/05 21:00:00","","",False
8,5,1,1,"2009/01/05","2009/01/05 23:00:00","2009/01/06 00:00:00","","",False
8,5,1,2,"2009/01/05","2009/01/05 23:00:00","2009/01/06 00:00:00","","",False
8,19,1,1,"2009/01/06","2009/01/06 05:00:00","2009/01/06 06:30:00","","",False
8,19,1,2,"2009/01/06","2009/01/06 05:00:00","2009/01/06 06:30:00","","",False
8,13,1,2,"2009/01/06","2009/01/06 10:00:00","2009/01/06 12:00:00","","",False
8,13,1,1,"2009/01/06","2009/01/06 10:00:00","2009/01/06 12:00:00","","",False
8,1,3,1,"2009/01/06","2009/01/06 12:00:00","2009/01/06 14:00:00","","",True
8,1,3,2,"2009/01/06","2009/01/06 12:00:00","2009/01/06 14:00:00","","",False
8,26,2,2,"2009/01/06","2009/01/06 14:00:00","2009/01/06 16:00:00","","",False
8,26,2,1,"2009/01/06","2009/01/06 14:00:00","2009/01/06 16:00:00","","",False
8,26,1,1,"2009/01/06","2009/01/06 16:00:00","2009/01/06 17:30:00","","",False
8,26,1,2,"2009/01/06","2009/01/06 16:00:00","2009/01/06 17:30:00","","",False
8,5,1,2,"2009/01/06","2009/01/06 19:30:00","2009/01/06 21:00:00","","",False
8,5,1,1,"2009/01/06","2009/01/06 19:30:00","2009/01/06 21:00:00","","",False
8,36,1,1,"2009/01/06","2009/01/06 23:00:00","2009/01/07 00:00:00","","",False
8,36,1,2,"2009/01/06","2009/01/06 23:00:00","2009/01/07 00:00:00","","",False
8,19,1,1,"2009/01/07","2009/01/07 05:00:00","2009/01/07 06:30:00","","",False
8,19,1,2,"2009/01/07","2009/01/07 05:00:00","2009/01/07 06:30:00","","",False
8,7,1,2,"2009/01/07","2009/01/07 10:00:00","2009/01/07 12:00:00","","",False
8,7,1,1,"2009/01/07","2009/01/07 10:00:00","2009/01/07 12:00:00","","",False
8,7,2,1,"2009/01/07","2009/01/07 12:00:00","2009/01/07 14:00:00","","",False
8,7,2,2,"2009/01/07","2009/01/07 12:00:00","2009/01/07 14:00:00","","",False
8,32,1,2,"2009/01/07","2009/01/07 16:00:00","2009/01/07 17:30:00","","",False
8,32,1,1,"2009/01/07","2009/01/07 16:00:00","2009/01/07 17:30:00","","",False
8,5,1,1,"2009/01/07","2009/01/07 19:30:00","2009/01/07 21:00:00","","",False
8,5,1,2,"2009/01/07","2009/01/07 19:30:00","2009/01/07 21:00:00","","",False
8,3,1,2,"2009/01/07","2009/01/07 23:00:00","2009/01/08 00:00:00","","",False
8,3,1,1,"2009/01/07","2009/01/07 23:00:00","2009/01/08 00:00:00","","",False
8,1,1,1,"2009/01/08","2009/01/08 02:00:00","2009/01/08 03:00:00","â∫óüÇ…Çƒµ—¬åä∑ â∫îºêgê¥ê@ çXàﬂâÓèï","",False
8,1,1,2,"2009/01/08","2009/01/08 02:00:00","2009/01/08 03:00:00","","",False
8,19,1,2,"2009/01/08","2009/01/08 05:00:00","2009/01/08 06:30:00","","",False
8,19,1,1,"2009/01/08","2009/01/08 05:00:00","2009/01/08 06:30:00","","",False
8,3,1,1,"2009/01/08","2009/01/08 10:00:00","2009/01/08 12:00:00","ÇµÇ‹ÇΩÇ…îÂîAäÌâ»","",False
8,3,1,2,"2009/01/08","2009/01/08 10:00:00","2009/01/08 12:00:00","","",False
8,8,2,2,"2009/01/08","2009/01/08 14:00:00","2009/01/08 16:00:00","","",False
8,8,2,1,"2009/01/08","2009/01/08 14:00:00","2009/01/08 16:00:00","","",False
8,8,1,1,"2009/01/08","2009/01/08 16:00:00","2009/01/08 17:30:00","","",False
8,8,1,2,"2009/01/08","2009/01/08 16:00:00","2009/01/08 17:30:00","","",False
8,5,1,2,"2009/01/08","2009/01/08 19:30:00","2009/01/08 21:00:00","","",False
8,5,1,1,"2009/01/08","2009/01/08 19:30:00","2009/01/08 21:00:00","","",False
8,36,1,1,"2009/01/08","2009/01/08 23:00:00","2009/01/09 00:00:00","","",False
8,36,1,2,"2009/01/08","2009/01/08 23:00:00","2009/01/09 00:00:00","","",False
8,19,1,1,"2009/01/09","2009/01/09 05:00:00","2009/01/09 06:30:00","","",False
8,19,1,2,"2009/01/09","2009/01/09 05:00:00","2009/01/09 06:30:00","","",False
8,7,1,2,"2009/01/09","2009/01/09 10:00:00","2009/01/09 12:00:00","","",False
8,7,1,1,"2009/01/09","2009/01/09 10:00:00","2009/01/09 12:00:00","","",False
8,1,3,1,"2009/01/09","2009/01/09 12:00:00","2009/01/09 14:00:00","à„ó√ê∂ã¶éÛêf ó\ñÒéûä‘13:00-","",False
8,1,3,2,"2009/01/09","2009/01/09 12:00:00","2009/01/09 14:00:00","","",False
8,8,2,2,"2009/01/09","2009/01/09 14:00:00","2009/01/09 16:00:00","éRâ™Ç≥ÇÒÇÃåë„Ç≈ç°ë∫Ç≥ÇÒÇ÷ì¸ÇÈ","",False
8,1,2,1,"2009/01/09","2009/01/09 14:00:00","2009/01/09 16:00:00","","",False
8,1,1,1,"2009/01/09","2009/01/09 16:00:00","2009/01/09 17:30:00","","",False
8,1,1,2,"2009/01/09","2009/01/09 16:00:00","2009/01/09 17:30:00","","",False
8,32,1,2,"2009/01/09","2009/01/09 19:30:00","2009/01/09 21:00:00","","",False
8,32,1,1,"2009/01/09","2009/01/09 19:30:00","2009/01/09 21:00:00","","",False
8,32,1,1,"2009/01/09","2009/01/09 23:00:00","2009/01/10 00:00:00","","",False
8,32,1,2,"2009/01/09","2009/01/09 23:00:00","2009/01/10 00:00:00","","",False
8,14,1,1,"2009/01/10","2009/01/10 05:00:00","2009/01/10 06:30:00","","",False
8,14,1,2,"2009/01/10","2009/01/10 05:00:00","2009/01/10 06:30:00","","",False
8,1,1,2,"2009/01/10","2009/01/10 10:00:00","2009/01/10 12:00:00","","",False
8,1,1,1,"2009/01/10","2009/01/10 10:00:00","2009/01/10 12:00:00","","",False
8,28,2,1,"2009/01/10","2009/01/10 12:00:00","2009/01/10 14:00:00","","",False
8,28,2,2,"2009/01/10","2009/01/10 12:00:00","2009/01/10 14:00:00","","",False
8,28,3,1,"2009/01/10","2009/01/10 14:00:00","2009/01/10 16:00:00","","",False
8,28,3,2,"2009/01/10","2009/01/10 14:00:00","2009/01/10 16:00:00","","",False
8,28,1,1,"2009/01/10","2009/01/10 16:00:00","2009/01/10 17:00:00","","",False
8,28,1,2,"2009/01/10","2009/01/10 16:00:00","2009/01/10 17:00:00","","",False
8,28,1,2,"2009/01/10","2009/01/10 19:30:00","2009/01/10 21:00:00","","",False
8,28,1,1,"2009/01/10","2009/01/10 19:30:00","2009/01/10 21:00:00","","",False
8,32,1,1,"2009/01/10","2009/01/10 23:00:00","2009/01/11 00:00:00","","",False
8,32,1,2,"2009/01/10","2009/01/10 23:00:00","2009/01/11 00:00:00","","",False
8,14,1,1,"2009/01/11","2009/01/11 05:00:00","2009/01/11 06:30:00","","",False
8,14,1,2,"2009/01/11","2009/01/11 05:00:00","2009/01/11 06:30:00","","",False
8,32,1,2,"2009/01/11","2009/01/11 10:00:00","2009/01/11 12:00:00","","",False
8,32,1,1,"2009/01/11","2009/01/11 10:00:00","2009/01/11 12:00:00","","",False
8,32,2,1,"2009/01/11","2009/01/11 12:00:00","2009/01/11 14:00:00","","",False
8,32,2,2,"2009/01/11","2009/01/11 12:00:00","2009/01/11 14:00:00","","",False
8,32,3,2,"2009/01/11","2009/01/11 14:00:00","2009/01/11 16:00:00","","",False
8,32,3,1,"2009/01/11","2009/01/11 14:00:00","2009/01/11 16:00:00","","",False
8,32,1,2,"2009/01/11","2009/01/11 16:00:00","2009/01/11 17:00:00","","",False
8,32,1,1,"2009/01/11","2009/01/11 16:00:00","2009/01/11 17:00:00","","",True
8,5,1,1,"2009/01/11","2009/01/11 19:30:00","2009/01/11 21:00:00","","",False
8,5,1,2,"2009/01/11","2009/01/11 19:30:00","2009/01/11 21:00:00","","",False
8,36,1,2,"2009/01/11","2009/01/11 23:00:00","2009/01/12 00:00:00","","",False
8,36,1,1,"2009/01/11","2009/01/11 23:00:00","2009/01/12 00:00:00","","",False
8,19,1,1,"2009/01/12","2009/01/12 05:00:00","2009/01/12 06:30:00","","",False
8,19,1,2,"2009/01/12","2009/01/12 05:00:00","2009/01/12 06:30:00","","",False
8,32,1,2,"2009/01/12","2009/01/12 10:00:00","2009/01/12 12:00:00","","",False
8,32,1,1,"2009/01/12","2009/01/12 10:00:00","2009/01/12 12:00:00","","",False
8,32,2,1,"2009/01/12","2009/01/12 12:00:00","2009/01/12 14:00:00","","",False
8,32,2,2,"2009/01/12","2009/01/12 12:00:00","2009/01/12 14:00:00","","",False
8,32,1,2,"2009/01/12","2009/01/12 16:00:00","2009/01/12 17:00:00","","",False
8,32,1,1,"2009/01/12","2009/01/12 16:00:00","2009/01/12 17:00:00","","",False
8,5,1,1,"2009/01/12","2009/01/12 19:30:00","2009/01/12 21:00:00","","",False
8,5,1,2,"2009/01/12","2009/01/12 19:30:00","2009/01/12 21:00:00","","",False
8,5,1,2,"2009/01/12","2009/01/12 23:00:00","2009/01/13 00:00:00","","",False
8,5,1,1,"2009/01/12","2009/01/12 23:00:00","2009/01/13 00:00:00","","",False
8,19,1,1,"2009/01/13","2009/01/13 05:00:00","2009/01/13 06:30:00","","",False
8,19,1,2,"2009/01/13","2009/01/13 05:00:00","2009/01/13 06:30:00","","",False
8,13,1,2,"2009/01/13","2009/01/13 10:00:00","2009/01/13 12:00:00","","",False
8,13,1,1,"2009/01/13","2009/01/13 10:00:00","2009/01/13 12:00:00","","",False
8,32,3,1,"2009/01/13","2009/01/13 12:00:00","2009/01/13 14:00:00","","",True
8,32,3,2,"2009/01/13","2009/01/13 12:00:00","2009/01/13 14:00:00","","",False
8,26,2,2,"2009/01/13","2009/01/13 14:00:00","2009/01/13 16:00:00","","",False
8,26,2,1,"2009/01/13","2009/01/13 14:00:00","2009/01/13 16:00:00","","",False
8,26,1,1,"2009/01/13","2009/01/13 16:00:00","2009/01/13 17:30:00","","",False
8,26,1,2,"2009/01/13","2009/01/13 16:00:00","2009/01/13 17:30:00","","",False
8,5,1,2,"2009/01/13","2009/01/13 19:30:00","2009/01/13 21:00:00","","",False
8,5,1,1,"2009/01/13","2009/01/13 19:30:00","2009/01/13 21:00:00","","",False
8,36,1,1,"2009/01/13","2009/01/13 23:00:00","2009/01/14 00:00:00","","",False
8,36,1,2,"2009/01/13","2009/01/13 23:00:00","2009/01/14 00:00:00","","",False
8,19,1,2,"2009/01/14","2009/01/14 05:00:00","2009/01/14 06:30:00","","",False
8,19,1,1,"2009/01/14","2009/01/14 05:00:00","2009/01/14 06:30:00","","",False
8,7,1,1,"2009/01/14","2009/01/14 10:00:00","2009/01/14 12:00:00","","",False
8,7,1,2,"2009/01/14","2009/01/14 10:00:00","2009/01/14 12:00:00","","",False
8,7,2,2,"2009/01/14","2009/01/14 12:00:00","2009/01/14 14:00:00","","",False
8,7,2,1,"2009/01/14","2009/01/14 12:00:00","2009/01/14 14:00:00","","",False
8,5,1,2,"2009/01/14","2009/01/14 16:00:00","2009/01/14 17:30:00","","",False
8,5,1,1,"2009/01/14","2009/01/14 16:00:00","2009/01/14 17:30:00","","",False
8,5,1,1,"2009/01/14","2009/01/14 19:30:00","2009/01/14 21:00:00","","",False
8,5,1,2,"2009/01/14","2009/01/14 19:30:00","2009/01/14 21:00:00","","",False
8,32,1,2,"2009/01/14","2009/01/14 23:00:00","2009/01/15 00:00:00","","",False
8,32,1,1,"2009/01/14","2009/01/14 23:00:00","2009/01/15 00:00:00","","",False
8,19,1,2,"2009/01/15","2009/01/15 05:00:00","2009/01/15 06:30:00","","",False
8,19,1,1,"2009/01/15","2009/01/15 05:00:00","2009/01/15 06:30:00","","",False
8,3,1,1,"2009/01/15","2009/01/15 10:00:00","2009/01/15 12:00:00","","",False
8,3,1,2,"2009/01/15","2009/01/15 10:00:00","2009/01/15 12:00:00","","",False
8,8,2,2,"2009/01/15","2009/01/15 14:00:00","2009/01/15 16:00:00","","",False
8,8,2,1,"2009/01/15","2009/01/15 14:00:00","2009/01/15 16:00:00","","",False
8,8,1,1,"2009/01/15","2009/01/15 16:00:00","2009/01/15 17:30:00","","",False
8,8,1,2,"2009/01/15","2009/01/15 16:00:00","2009/01/15 17:30:00","","",False
8,5,1,2,"2009/01/15","2009/01/15 19:30:00","2009/01/15 21:00:00","","",False
8,5,1,1,"2009/01/15","2009/01/15 19:30:00","2009/01/15 21:00:00","","",False
8,36,1,1,"2009/01/15","2009/01/15 23:00:00","2009/01/16 00:00:00","","",False
8,36,1,2,"2009/01/15","2009/01/15 23:00:00","2009/01/16 00:00:00","","",False
8,19,1,2,"2009/01/16","2009/01/16 05:00:00","2009/01/16 06:30:00","","",False
8,19,1,1,"2009/01/16","2009/01/16 05:00:00","2009/01/16 06:30:00","","",False
8,7,1,1,"2009/01/16","2009/01/16 10:00:00","2009/01/16 12:00:00","","",False
8,7,1,2,"2009/01/16","2009/01/16 10:00:00","2009/01/16 12:00:00","","",False
8,32,3,2,"2009/01/16","2009/01/16 12:00:00","2009/01/16 14:00:00","","",False
8,32,3,1,"2009/01/16","2009/01/16 12:00:00","2009/01/16 14:00:00","","",True
8,8,2,1,"2009/01/16","2009/01/16 14:00:00","2009/01/16 16:00:00","","",False
8,8,2,2,"2009/01/16","2009/01/16 14:00:00","2009/01/16 16:00:00","","",False
8,8,1,2,"2009/01/16","2009/01/16 16:00:00","2009/01/16 17:30:00","","",False
8,8,1,1,"2009/01/16","2009/01/16 16:00:00","2009/01/16 17:30:00","","",False
8,6,1,1,"2009/01/16","2009/01/16 19:30:00","2009/01/16 21:00:00","","",False
8,6,1,2,"2009/01/16","2009/01/16 19:30:00","2009/01/16 21:00:00","","",False
8,32,1,2,"2009/01/16","2009/01/16 23:00:00","2009/01/17 00:00:00","","",False
8,32,1,1,"2009/01/16","2009/01/16 23:00:00","2009/01/17 00:00:00","","",False
8,14,1,1,"2009/01/17","2009/01/17 05:00:00","2009/01/17 06:30:00","","",False
8,14,1,2,"2009/01/17","2009/01/17 05:00:00","2009/01/17 06:30:00","","",False
8,25,3,2,"2009/01/17","2009/01/17 09:00:00","2009/01/17 11:00:00","","",False
8,25,3,1,"2009/01/17","2009/01/17 09:00:00","2009/01/17 11:00:00","","",False
8,25,2,1,"2009/01/17","2009/01/17 11:00:00","2009/01/17 13:00:00","","",False
8,25,2,2,"2009/01/17","2009/01/17 11:00:00","2009/01/17 13:00:00","","",False
8,25,3,2,"2009/01/17","2009/01/17 13:00:00","2009/01/17 15:00:00","","",False
8,25,3,1,"2009/01/17","2009/01/17 13:00:00","2009/01/17 15:00:00","","",False
8,32,1,1,"2009/01/17","2009/01/17 15:30:00","2009/01/17 17:30:00","","",False
8,32,1,2,"2009/01/17","2009/01/17 15:30:00","2009/01/17 17:30:00","","",False
8,5,1,2,"2009/01/17","2009/01/17 19:30:00","2009/01/17 21:00:00","","",False
8,5,1,1,"2009/01/17","2009/01/17 19:30:00","2009/01/17 21:00:00","","",False
8,36,1,1,"2009/01/17","2009/01/17 23:00:00","2009/01/18 00:00:00","","",False
8,36,1,2,"2009/01/17","2009/01/17 23:00:00","2009/01/18 00:00:00","","",False
8,14,1,2,"2009/01/18","2009/01/18 05:00:00","2009/01/18 06:30:00","","",False
8,14,1,1,"2009/01/18","2009/01/18 05:00:00","2009/01/18 06:30:00","","",False
8,6,1,2,"2009/01/18","2009/01/18 10:00:00","2009/01/18 12:00:00","","",False
8,6,1,1,"2009/01/18","2009/01/18 10:00:00","2009/01/18 12:00:00","","",False
8,6,2,1,"2009/01/18","2009/01/18 12:00:00","2009/01/18 14:00:00","","",False
8,6,2,2,"2009/01/18","2009/01/18 12:00:00","2009/01/18 14:00:00","","",False
8,6,3,2,"2009/01/18","2009/01/18 14:00:00","2009/01/18 16:00:00","","",False
8,6,3,1,"2009/01/18","2009/01/18 14:00:00","2009/01/18 16:00:00","","",False
8,6,1,1,"2009/01/18","2009/01/18 16:00:00","2009/01/18 17:00:00","","",False
8,6,1,2,"2009/01/18","2009/01/18 16:00:00","2009/01/18 17:00:00","","",False
8,6,1,2,"2009/01/18","2009/01/18 19:30:00","2009/01/18 21:00:00","","",False
8,6,1,1,"2009/01/18","2009/01/18 19:30:00","2009/01/18 21:00:00","","",False
8,36,1,1,"2009/01/18","2009/01/18 23:00:00","2009/01/19 00:00:00","","",False
8,36,1,2,"2009/01/18","2009/01/18 23:00:00","2009/01/19 00:00:00","","",False
8,19,1,2,"2009/01/19","2009/01/19 05:00:00","2009/01/19 06:30:00","","",False
8,19,1,1,"2009/01/19","2009/01/19 05:00:00","2009/01/19 06:30:00","","",False
8,5,1,1,"2009/01/19","2009/01/19 10:30:00","2009/01/19 12:00:00","çÿÇÃâ‘","",False
8,5,1,2,"2009/01/19","2009/01/19 10:30:00","2009/01/19 12:00:00","","",False
8,5,2,1,"2009/01/19","2009/01/19 12:00:00","2009/01/19 14:00:00","","",False
8,5,2,2,"2009/01/19","2009/01/19 12:00:00","2009/01/19 14:00:00","","",False
8,5,1,2,"2009/01/19","2009/01/19 16:00:00","2009/01/19 17:00:00","","",False
8,5,1,1,"2009/01/19","2009/01/19 16:00:00","2009/01/19 17:00:00","","",False
8,5,1,1,"2009/01/19","2009/01/19 19:30:00","2009/01/19 21:00:00","","",False
8,5,1,2,"2009/01/19","2009/01/19 19:30:00","2009/01/19 21:00:00","","",False
8,5,1,2,"2009/01/19","2009/01/19 23:00:00","2009/01/20 00:00:00","","",False
8,5,1,1,"2009/01/19","2009/01/19 23:00:00","2009/01/20 00:00:00","","",False
8,19,1,1,"2009/01/20","2009/01/20 05:00:00","2009/01/20 06:30:00","","",False
8,19,1,2,"2009/01/20","2009/01/20 05:00:00","2009/01/20 06:30:00","","",False
8,13,1,2,"2009/01/20","2009/01/20 10:00:00","2009/01/20 12:00:00","","",False
8,13,1,1,"2009/01/20","2009/01/20 10:00:00","2009/01/20 12:00:00","","",False
8,32,3,1,"2009/01/20","2009/01/20 12:00:00","2009/01/20 14:00:00","","",True
8,32,3,2,"2009/01/20","2009/01/20 12:00:00","2009/01/20 14:00:00","","",False
8,26,2,2,"2009/01/20","2009/01/20 14:00:00","2009/01/20 16:00:00","","",False
8,26,2,1,"2009/01/20","2009/01/20 14:00:00","2009/01/20 16:00:00","","",False
8,26,1,1,"2009/01/20","2009/01/20 16:00:00","2009/01/20 17:30:00","","",False
8,26,1,2,"2009/01/20","2009/01/20 16:00:00","2009/01/20 17:30:00","","",False
8,5,1,2,"2009/01/20","2009/01/20 19:30:00","2009/01/20 21:00:00","","",False
8,5,1,1,"2009/01/20","2009/01/20 19:30:00","2009/01/20 21:00:00","","",False
8,36,1,1,"2009/01/20","2009/01/20 23:00:00","2009/01/21 00:00:00","","",False
8,36,1,2,"2009/01/20","2009/01/20 23:00:00","2009/01/21 00:00:00","","",False
8,19,1,2,"2009/01/21","2009/01/21 05:00:00","2009/01/21 06:30:00","","",False
8,19,1,1,"2009/01/21","2009/01/21 05:00:00","2009/01/21 06:30:00","","",False
8,7,1,1,"2009/01/21","2009/01/21 10:00:00","2009/01/21 12:00:00","","",False
8,7,1,2,"2009/01/21","2009/01/21 10:00:00","2009/01/21 12:00:00","","",False
8,7,2,2,"2009/01/21","2009/01/21 12:00:00","2009/01/21 14:00:00","","",False
8,7,2,1,"2009/01/21","2009/01/21 12:00:00","2009/01/21 14:00:00","","",False
8,32,1,1,"2009/01/21","2009/01/21 16:00:00","2009/01/21 17:30:00","","",False
8,32,1,2,"2009/01/21","2009/01/21 16:00:00","2009/01/21 17:30:00","","",False
8,5,1,2,"2009/01/21","2009/01/21 19:30:00","2009/01/21 21:00:00","","",False
8,5,1,1,"2009/01/21","2009/01/21 19:30:00","2009/01/21 21:00:00","","",False
8,3,1,1,"2009/01/21","2009/01/21 23:00:00","2009/01/22 00:00:00","","",False
8,3,1,2,"2009/01/21","2009/01/21 23:00:00","2009/01/22 00:00:00","","",False
8,19,1,2,"2009/01/22","2009/01/22 05:00:00","2009/01/22 06:30:00","","",False
8,19,1,1,"2009/01/22","2009/01/22 05:00:00","2009/01/22 06:30:00","","",False
8,3,1,1,"2009/01/22","2009/01/22 10:00:00","2009/01/22 12:00:00","","",False
8,3,1,2,"2009/01/22","2009/01/22 10:00:00","2009/01/22 12:00:00","","",False
8,8,2,2,"2009/01/22","2009/01/22 14:00:00","2009/01/22 16:00:00","","",False
8,8,2,1,"2009/01/22","2009/01/22 14:00:00","2009/01/22 16:00:00","","",False
8,8,1,1,"2009/01/22","2009/01/22 16:00:00","2009/01/22 17:30:00","","",False
8,8,1,2,"2009/01/22","2009/01/22 16:00:00","2009/01/22 17:30:00","","",False
8,5,1,2,"2009/01/22","2009/01/22 19:30:00","2009/01/22 21:00:00","","",False
8,5,1,1,"2009/01/22","2009/01/22 19:30:00","2009/01/22 21:00:00","","",False
8,36,1,1,"2009/01/22","2009/01/22 23:00:00","2009/01/23 00:00:00","","",False
8,36,1,2,"2009/01/22","2009/01/22 23:00:00","2009/01/23 00:00:00","","",False
8,19,1,1,"2009/01/23","2009/01/23 05:00:00","2009/01/23 06:30:00","","",False
8,19,1,2,"2009/01/23","2009/01/23 05:00:00","2009/01/23 06:30:00","","",False
8,7,1,2,"2009/01/23","2009/01/23 10:00:00","2009/01/23 12:00:00","","",False
8,7,1,1,"2009/01/23","2009/01/23 10:00:00","2009/01/23 12:00:00","","",False
8,1,3,1,"2009/01/23","2009/01/23 12:00:00","2009/01/23 14:00:00","à„ó√ê∂ã¶éÛêf ó\ñÒ13:00-","",False
8,1,3,2,"2009/01/23","2009/01/23 12:00:00","2009/01/23 14:00:00","","",False
8,8,2,2,"2009/01/23","2009/01/23 14:00:00","2009/01/23 16:00:00","","",False
8,8,2,1,"2009/01/23","2009/01/23 14:00:00","2009/01/23 16:00:00","","",False
8,8,1,1,"2009/01/23","2009/01/23 16:00:00","2009/01/23 17:30:00","","",False
8,8,1,2,"2009/01/23","2009/01/23 16:00:00","2009/01/23 17:30:00","","",False
8,6,1,2,"2009/01/23","2009/01/23 19:30:00","2009/01/23 21:00:00","","",False
8,6,1,1,"2009/01/23","2009/01/23 19:30:00","2009/01/23 21:00:00","","",False
8,32,1,1,"2009/01/23","2009/01/23 23:00:00","2009/01/24 00:00:00","","",False
8,32,1,2,"2009/01/23","2009/01/23 23:00:00","2009/01/24 00:00:00","","",False
8,14,1,2,"2009/01/24","2009/01/24 05:00:00","2009/01/24 06:30:00","","",False
8,14,1,1,"2009/01/24","2009/01/24 05:00:00","2009/01/24 06:30:00","","",False
8,5,1,2,"2009/01/24","2009/01/24 10:00:00","2009/01/24 12:00:00","","",False
8,5,1,1,"2009/01/24","2009/01/24 10:00:00","2009/01/24 12:00:00","","",False
8,5,2,2,"2009/01/24","2009/01/24 12:00:00","2009/01/24 14:00:00","","",False
8,5,2,1,"2009/01/24","2009/01/24 12:00:00","2009/01/24 14:00:00","","",False
8,5,3,1,"2009/01/24","2009/01/24 14:00:00","2009/01/24 16:00:00","","",False
8,5,3,2,"2009/01/24","2009/01/24 14:00:00","2009/01/24 16:00:00","","",False
8,5,1,2,"2009/01/24","2009/01/24 16:00:00","2009/01/24 17:00:00","","",False
8,5,1,1,"2009/01/24","2009/01/24 16:00:00","2009/01/24 17:00:00","","",False
8,5,1,1,"2009/01/24","2009/01/24 19:30:00","2009/01/24 21:00:00","","",False
8,5,1,2,"2009/01/24","2009/01/24 19:30:00","2009/01/24 21:00:00","","",False
8,36,1,2,"2009/01/24","2009/01/24 23:00:00","2009/01/25 00:00:00","","",False
8,36,1,1,"2009/01/24","2009/01/24 23:00:00","2009/01/25 00:00:00","","",False
8,5,1,1,"2009/01/25","2009/01/25 05:00:00","2009/01/25 06:30:00","","",False
8,5,1,2,"2009/01/25","2009/01/25 05:00:00","2009/01/25 06:30:00","","",False
8,3,1,2,"2009/01/25","2009/01/25 10:00:00","2009/01/25 12:00:00","","",False
8,3,1,1,"2009/01/25","2009/01/25 10:00:00","2009/01/25 12:00:00","","",False
8,3,2,1,"2009/01/25","2009/01/25 12:00:00","2009/01/25 14:00:00","","",False
8,3,2,2,"2009/01/25","2009/01/25 12:00:00","2009/01/25 14:00:00","","",False
8,3,3,1,"2009/01/25","2009/01/25 14:00:00","2009/01/25 16:00:00","","",False
8,3,3,2,"2009/01/25","2009/01/25 14:00:00","2009/01/25 16:00:00","","",False
8,3,1,2,"2009/01/25","2009/01/25 16:00:00","2009/01/25 17:00:00","","",False
8,3,1,1,"2009/01/25","2009/01/25 16:00:00","2009/01/25 17:00:00","","",False
8,5,1,2,"2009/01/25","2009/01/25 19:30:00","2009/01/25 21:00:00","","",False
8,5,1,1,"2009/01/25","2009/01/25 19:30:00","2009/01/25 21:00:00","","",False
8,36,1,1,"2009/01/25","2009/01/25 23:00:00","2009/01/26 00:00:00","","",False
8,36,1,2,"2009/01/25","2009/01/25 23:00:00","2009/01/26 00:00:00","","",False
8,19,1,1,"2009/01/26","2009/01/26 05:00:00","2009/01/26 06:30:00","","",False
8,19,1,2,"2009/01/26","2009/01/26 05:00:00","2009/01/26 06:30:00","","",False
8,32,1,1,"2009/01/26","2009/01/26 10:45:00","2009/01/26 12:15:00","çÿÇÃâ‘","",False
8,32,1,2,"2009/01/26","2009/01/26 10:45:00","2009/01/26 12:15:00","","",False
8,32,2,2,"2009/01/26","2009/01/26 12:15:00","2009/01/26 14:15:00","","",False
8,32,2,1,"2009/01/26","2009/01/26 12:15:00","2009/01/26 14:15:00","","",False
8,32,1,1,"2009/01/26","2009/01/26 16:15:00","2009/01/26 17:15:00","","",False
8,32,1,2,"2009/01/26","2009/01/26 16:15:00","2009/01/26 17:15:00","","",False
8,5,1,2,"2009/01/26","2009/01/26 19:30:00","2009/01/26 21:00:00","","",False
8,5,1,1,"2009/01/26","2009/01/26 19:30:00","2009/01/26 21:00:00","","",False
8,5,1,1,"2009/01/26","2009/01/26 23:00:00","2009/01/27 00:00:00","","",False
8,5,1,2,"2009/01/26","2009/01/26 23:00:00","2009/01/27 00:00:00","","",False
8,19,1,1,"2009/01/27","2009/01/27 05:00:00","2009/01/27 06:30:00","","",False
8,19,1,2,"2009/01/27","2009/01/27 05:00:00","2009/01/27 06:30:00","","",False
8,13,1,2,"2009/01/27","2009/01/27 10:00:00","2009/01/27 12:00:00","","",False
8,13,1,1,"2009/01/27","2009/01/27 10:00:00","2009/01/27 12:00:00","","",False
8,32,3,1,"2009/01/27","2009/01/27 12:00:00","2009/01/27 14:00:00","","",True
8,32,3,2,"2009/01/27","2009/01/27 12:00:00","2009/01/27 14:00:00","","",False
8,26,2,2,"2009/01/27","2009/01/27 14:00:00","2009/01/27 16:00:00","","",False
8,26,2,1,"2009/01/27","2009/01/27 14:00:00","2009/01/27 16:00:00","","",False
8,26,1,1,"2009/01/27","2009/01/27 16:00:00","2009/01/27 17:30:00","","",False
8,26,1,2,"2009/01/27","2009/01/27 16:00:00","2009/01/27 17:30:00","","",False
8,5,1,2,"2009/01/27","2009/01/27 19:30:00","2009/01/27 21:00:00","","",False
8,5,1,1,"2009/01/27","2009/01/27 19:30:00","2009/01/27 21:00:00","","",False
8,36,1,1,"2009/01/27","2009/01/27 23:00:00","2009/01/28 00:00:00","","",False
8,36,1,2,"2009/01/27","2009/01/27 23:00:00","2009/01/28 00:00:00","","",False
8,19,1,2,"2009/01/28","2009/01/28 05:00:00","2009/01/28 06:30:00","","",False
8,19,1,1,"2009/01/28","2009/01/28 05:00:00","2009/01/28 06:30:00","","",False
8,5,1,1,"2009/01/28","2009/01/28 10:00:00","2009/01/28 12:00:00","","",False
8,5,1,2,"2009/01/28","2009/01/28 10:00:00","2009/01/28 12:00:00","","",False
8,5,2,2,"2009/01/28","2009/01/28 12:00:00","2009/01/28 14:00:00","","",False
8,5,2,1,"2009/01/28","2009/01/28 12:00:00","2009/01/28 14:00:00","","",False
8,5,1,1,"2009/01/28","2009/01/28 16:00:00","2009/01/28 17:30:00","","",False
8,5,1,2,"2009/01/28","2009/01/28 16:00:00","2009/01/28 17:30:00","","",False
8,5,1,2,"2009/01/28","2009/01/28 19:30:00","2009/01/28 21:00:00","","",False
8,5,1,1,"2009/01/28","2009/01/28 19:30:00","2009/01/28 21:00:00","","",False
8,3,1,1,"2009/01/28","2009/01/28 23:00:00","2009/01/29 00:00:00","","",False
8,3,1,2,"2009/01/28","2009/01/28 23:00:00","2009/01/29 00:00:00","","",False
8,19,1,2,"2009/01/29","2009/01/29 05:00:00","2009/01/29 06:30:00","","",False
8,19,1,1,"2009/01/29","2009/01/29 05:00:00","2009/01/29 06:30:00","","",False
8,5,3,1,"2009/01/29","2009/01/29 08:00:00","2009/01/29 09:00:00","","",False
8,5,3,2,"2009/01/29","2009/01/29 08:00:00","2009/01/29 09:00:00","","",False
8,3,1,2,"2009/01/29","2009/01/29 10:00:00","2009/01/29 12:00:00","","",False
8,3,1,1,"2009/01/29","2009/01/29 10:00:00","2009/01/29 12:00:00","","",False
8,8,2,1,"2009/01/29","2009/01/29 14:00:00","2009/01/29 16:00:00","","",False
8,8,2,2,"2009/01/29","2009/01/29 14:00:00","2009/01/29 16:00:00","","",False
8,8,1,2,"2009/01/29","2009/01/29 16:00:00","2009/01/29 17:30:00","","",False
8,8,1,1,"2009/01/29","2009/01/29 16:00:00","2009/01/29 17:30:00","","",False
8,5,1,1,"2009/01/29","2009/01/29 19:30:00","2009/01/29 21:00:00","","",False
8,5,1,2,"2009/01/29","2009/01/29 19:30:00","2009/01/29 21:00:00","","",False
8,36,1,2,"2009/01/29","2009/01/29 23:00:00","2009/01/30 00:00:00","","",False
8,36,1,1,"2009/01/29","2009/01/29 23:00:00","2009/01/30 00:00:00","","",False
8,19,1,2,"2009/01/30","2009/01/30 05:00:00","2009/01/30 06:30:00","","",False
8,19,1,1,"2009/01/30","2009/01/30 05:00:00","2009/01/30 06:30:00","","",False
8,7,1,1,"2009/01/30","2009/01/30 10:00:00","2009/01/30 12:00:00","","",False
8,7,1,2,"2009/01/30","2009/01/30 10:00:00","2009/01/30 12:00:00","","",False
8,32,3,1,"2009/01/30","2009/01/30 12:00:00","2009/01/30 14:00:00","","",True
8,32,3,2,"2009/01/30","2009/01/30 12:00:00","2009/01/30 14:00:00","","",False
8,8,2,2,"2009/01/30","2009/01/30 14:00:00","2009/01/30 16:00:00","","",False
8,8,2,1,"2009/01/30","2009/01/30 14:00:00","2009/01/30 16:00:00","","",False
8,8,1,1,"2009/01/30","2009/01/30 16:00:00","2009/01/30 17:30:00","","",False
8,8,1,2,"2009/01/30","2009/01/30 16:00:00","2009/01/30 17:30:00","","",False
8,6,1,2,"2009/01/30","2009/01/30 19:30:00","2009/01/30 21:00:00","","",False
8,6,1,1,"2009/01/30","2009/01/30 19:30:00","2009/01/30 21:00:00","","",False
8,32,1,1,"2009/01/30","2009/01/30 23:00:00","2009/01/31 00:00:00","","",False
8,32,1,2,"2009/01/30","2009/01/30 23:00:00","2009/01/31 00:00:00","","",False
8,14,1,2,"2009/01/31","2009/01/31 05:00:00","2009/01/31 06:30:00","","",False
8,14,1,1,"2009/01/31","2009/01/31 05:00:00","2009/01/31 06:30:00","","",False
8,25,3,1,"2009/01/31","2009/01/31 09:00:00","2009/01/31 11:00:00","","",False
8,25,3,2,"2009/01/31","2009/01/31 09:00:00","2009/01/31 11:00:00","","",False
8,25,2,2,"2009/01/31","2009/01/31 11:00:00","2009/01/31 13:00:00","","",False
8,25,2,1,"2009/01/31","2009/01/31 11:00:00","2009/01/31 13:00:00","","",False
8,25,3,1,"2009/01/31","2009/01/31 13:00:00","2009/01/31 15:00:00","","",False
8,25,3,2,"2009/01/31","2009/01/31 13:00:00","2009/01/31 15:00:00","","",False
8,5,1,2,"2009/01/31","2009/01/31 16:00:00","2009/01/31 17:30:00","","",False
8,5,1,1,"2009/01/31","2009/01/31 16:00:00","2009/01/31 17:30:00","","",False
8,5,1,1,"2009/01/31","2009/01/31 19:30:00","2009/01/31 21:00:00","","",False
8,5,1,2,"2009/01/31","2009/01/31 19:30:00","2009/01/31 21:00:00","","",False
8,36,1,2,"2009/01/31","2009/01/31 23:00:00","2009/02/01 00:00:00","","",False
8,36,1,1,"2009/01/31","2009/01/31 23:00:00","2009/02/01 00:00:00","","",False
9,1,3,2,"2009/01/05","2009/01/05 09:00:00","2009/01/05 10:00:00","","",False
9,1,3,1,"2009/01/05","2009/01/05 09:00:00","2009/01/05 10:00:00","","",False
9,1,3,1,"2009/01/09","2009/01/09 09:00:00","2009/01/09 10:00:00","","",False
9,1,3,2,"2009/01/09","2009/01/09 09:00:00","2009/01/09 10:00:00","","",False
9,2,3,2,"2009/01/16","2009/01/16 09:00:00","2009/01/16 10:00:00","","",False
9,2,3,1,"2009/01/16","2009/01/16 09:00:00","2009/01/16 10:00:00","","",False
9,1,3,2,"2009/01/19","2009/01/19 09:00:00","2009/01/19 10:00:00","","",False
9,1,3,1,"2009/01/19","2009/01/19 09:00:00","2009/01/19 10:00:00","","",False
9,2,3,1,"2009/01/23","2009/01/23 09:00:00","2009/01/23 10:00:00","","",False
9,2,3,2,"2009/01/23","2009/01/23 09:00:00","2009/01/23 10:00:00","","",False
9,1,3,2,"2009/01/26","2009/01/26 09:00:00","2009/01/26 10:00:00","","",False
9,1,3,1,"2009/01/26","2009/01/26 09:00:00","2009/01/26 10:00:00","","",False
9,2,3,1,"2009/01/30","2009/01/30 09:00:00","2009/01/30 10:00:00","","",False
9,2,3,2,"2009/01/30","2009/01/30 09:00:00","2009/01/30 10:00:00","","",False
11,6,3,2,"2009/01/04","2009/01/04 10:00:00","2009/01/04 16:00:00","","",False
11,6,3,1,"2009/01/04","2009/01/04 10:00:00","2009/01/04 16:00:00","","",False
11,6,1,1,"2009/01/04","2009/01/04 16:00:00","2009/01/04 17:00:00","","",False
11,6,1,2,"2009/01/04","2009/01/04 16:00:00","2009/01/04 17:00:00","","",False
11,31,3,2,"2009/01/05","2009/01/05 10:00:00","2009/01/05 15:00:00","","",False
11,31,3,1,"2009/01/05","2009/01/05 10:00:00","2009/01/05 15:00:00","","",False
11,31,1,1,"2009/01/05","2009/01/05 15:00:00","2009/01/05 16:00:00","","",False
11,31,1,2,"2009/01/05","2009/01/05 15:00:00","2009/01/05 16:00:00","","",False
11,6,3,2,"2009/01/06","2009/01/06 10:00:00","2009/01/06 15:00:00","","",False
11,6,3,1,"2009/01/06","2009/01/06 10:00:00","2009/01/06 15:00:00","","",False
11,6,1,1,"2009/01/06","2009/01/06 15:00:00","2009/01/06 16:00:00","","",False
11,6,1,2,"2009/01/06","2009/01/06 15:00:00","2009/01/06 16:00:00","","",False
11,32,3,2,"2009/01/07","2009/01/07 10:00:00","2009/01/07 14:00:00","","",False
11,32,3,1,"2009/01/07","2009/01/07 10:00:00","2009/01/07 14:00:00","","",False
11,32,1,1,"2009/01/07","2009/01/07 14:00:00","2009/01/07 15:00:00","","",False
11,32,1,2,"2009/01/07","2009/01/07 14:00:00","2009/01/07 15:00:00","","",False
11,20,3,1,"2009/01/08","2009/01/08 11:50:00","2009/01/08 12:50:00","äwçZénÇ‹ÇÈ  ﬁΩí‚å}Ç¶","",False
11,20,3,2,"2009/01/08","2009/01/08 11:50:00","2009/01/08 12:50:00","","",False
11,20,1,2,"2009/01/08","2009/01/08 16:20:00","2009/01/08 17:20:00","","",False
11,20,1,1,"2009/01/08","2009/01/08 16:20:00","2009/01/08 17:20:00","ì¸óÅâÓèï","",False
11,20,3,1,"2009/01/09","2009/01/09 11:50:00","2009/01/09 12:50:00"," ﬁΩí‚å}Ç¶","",False
11,20,3,2,"2009/01/09","2009/01/09 11:50:00","2009/01/09 12:50:00","","",False
11,20,1,2,"2009/01/09","2009/01/09 16:20:00","2009/01/09 17:20:00","","",False
11,20,1,1,"2009/01/09","2009/01/09 16:20:00","2009/01/09 17:20:00","ì¸óÅâÓèï","",False
11,32,3,1,"2009/01/10","2009/01/10 16:00:00","2009/01/10 18:00:00","äOèoâÓèï","",False
11,32,3,2,"2009/01/10","2009/01/10 16:00:00","2009/01/10 18:00:00","","",False
11,5,3,2,"2009/01/12","2009/01/12 15:00:00","2009/01/12 16:00:00","","",False
11,5,3,1,"2009/01/12","2009/01/12 15:00:00","2009/01/12 16:00:00","","",False
11,5,1,2,"2009/01/12","2009/01/12 16:00:00","2009/01/12 17:00:00","","",False
11,5,1,1,"2009/01/12","2009/01/12 16:00:00","2009/01/12 17:00:00","","",False
11,5,3,1,"2009/01/13","2009/01/13 15:20:00","2009/01/13 16:20:00","ããêHäJén","",False
11,5,3,2,"2009/01/13","2009/01/13 15:20:00","2009/01/13 16:20:00","","",False
11,5,1,1,"2009/01/13","2009/01/13 16:20:00","2009/01/13 17:20:00","","",False
11,5,1,2,"2009/01/13","2009/01/13 16:20:00","2009/01/13 17:20:00","","",False
11,5,3,1,"2009/01/14","2009/01/14 14:30:00","2009/01/14 15:30:00","","",False
11,5,3,2,"2009/01/14","2009/01/14 14:30:00","2009/01/14 15:30:00","","",False
11,3,1,2,"2009/01/14","2009/01/14 18:00:00","2009/01/14 19:00:00","","",False
11,3,1,1,"2009/01/14","2009/01/14 18:00:00","2009/01/14 19:00:00","","",False
11,20,3,1,"2009/01/15","2009/01/15 15:20:00","2009/01/15 16:20:00","","",False
11,20,3,2,"2009/01/15","2009/01/15 15:20:00","2009/01/15 16:20:00","","",False
11,20,1,2,"2009/01/15","2009/01/15 16:20:00","2009/01/15 17:20:00","","",False
11,20,1,1,"2009/01/15","2009/01/15 16:20:00","2009/01/15 17:20:00","","",False
11,20,3,1,"2009/01/16","2009/01/16 15:20:00","2009/01/16 16:20:00","","",False
11,20,3,2,"2009/01/16","2009/01/16 15:20:00","2009/01/16 16:20:00","","",False
11,20,2,2,"2009/01/16","2009/01/16 16:20:00","2009/01/16 18:20:00","í â@âÓèïÇ≈Ç¬ÇØÇÈ°","",False
11,20,2,1,"2009/01/16","2009/01/16 16:20:00","2009/01/16 18:20:00","ó\íËÇ≈ÇÕ17:30ÇæÇ¡ÇΩÇ™ã±âÓåNÇ™Ç®ï†Ç™í…Ç¢Ç∆ÇÃÇ±Ç∆Ç≈à„ó√ê∂ã¶ïaâ@éÛêfÇ∑ÇÈÇ±Ç∆Ç…Ç»ÇËêgëÃÇ1éûä‘âÑí∑Ç∆Ç»ÇÈ","",True
11,5,3,1,"2009/01/17","2009/01/17 16:00:00","2009/01/17 18:00:00","äOèoâÓèï","",False
11,5,3,2,"2009/01/17","2009/01/17 16:00:00","2009/01/17 18:00:00","","",False
11,31,3,2,"2009/01/19","2009/01/19 15:20:00","2009/01/19 16:20:00","","",False
11,31,3,1,"2009/01/19","2009/01/19 15:20:00","2009/01/19 16:20:00","","",False
11,31,1,1,"2009/01/19","2009/01/19 16:20:00","2009/01/19 17:20:00","","",False
11,31,1,2,"2009/01/19","2009/01/19 16:20:00","2009/01/19 17:20:00","","",False
11,6,3,2,"2009/01/20","2009/01/20 15:20:00","2009/01/20 16:20:00","","",False
11,6,3,1,"2009/01/20","2009/01/20 15:20:00","2009/01/20 16:20:00","","",False
11,6,1,1,"2009/01/20","2009/01/20 16:20:00","2009/01/20 17:20:00","","",False
11,6,1,2,"2009/01/20","2009/01/20 16:20:00","2009/01/20 17:20:00","","",False
11,32,3,1,"2009/01/21","2009/01/21 14:30:00","2009/01/21 15:30:00","","",False
11,32,3,2,"2009/01/21","2009/01/21 14:30:00","2009/01/21 15:30:00","","",False
11,6,1,1,"2009/01/21","2009/01/21 18:00:00","2009/01/21 19:00:00","","",False
11,6,1,2,"2009/01/21","2009/01/21 18:00:00","2009/01/21 19:00:00","","",False
11,20,3,2,"2009/01/22","2009/01/22 15:20:00","2009/01/22 16:20:00","","",False
11,20,3,1,"2009/01/22","2009/01/22 15:20:00","2009/01/22 16:20:00","","",False
11,20,1,1,"2009/01/22","2009/01/22 16:20:00","2009/01/22 17:20:00","","",False
11,20,1,2,"2009/01/22","2009/01/22 16:20:00","2009/01/22 17:20:00","","",False
11,20,3,2,"2009/01/23","2009/01/23 15:20:00","2009/01/23 16:20:00","","",False
11,20,3,1,"2009/01/23","2009/01/23 15:20:00","2009/01/23 16:20:00","","",False
11,20,1,1,"2009/01/23","2009/01/23 16:20:00","2009/01/23 17:20:00","","",False
11,20,1,2,"2009/01/23","2009/01/23 16:20:00","2009/01/23 17:20:00","","",False
11,5,3,2,"2009/01/25","2009/01/25 11:00:00","2009/01/25 16:00:00","","",False
11,5,3,1,"2009/01/25","2009/01/25 11:00:00","2009/01/25 16:00:00","","",False
11,5,1,1,"2009/01/25","2009/01/25 16:00:00","2009/01/25 17:00:00","","",False
11,5,1,2,"2009/01/25","2009/01/25 16:00:00","2009/01/25 17:00:00","","",False
11,31,3,2,"2009/01/26","2009/01/26 15:20:00","2009/01/26 16:20:00","","",False
11,31,3,1,"2009/01/26","2009/01/26 15:20:00","2009/01/26 16:20:00","","",False
11,31,1,1,"2009/01/26","2009/01/26 16:20:00","2009/01/26 17:20:00","","",False
11,31,1,2,"2009/01/26","2009/01/26 16:20:00","2009/01/26 17:20:00","","",False
11,6,3,2,"2009/01/27","2009/01/27 15:20:00","2009/01/27 16:20:00","","",False
11,6,3,1,"2009/01/27","2009/01/27 15:20:00","2009/01/27 16:20:00","","",False
11,6,1,1,"2009/01/27","2009/01/27 16:20:00","2009/01/27 17:20:00","","",False
11,6,1,2,"2009/01/27","2009/01/27 16:20:00","2009/01/27 17:20:00","","",False
11,5,3,2,"2009/01/28","2009/01/28 14:30:00","2009/01/28 15:30:00","","",False
11,5,3,1,"2009/01/28","2009/01/28 14:30:00","2009/01/28 15:30:00","","",False
11,6,1,1,"2009/01/28","2009/01/28 18:00:00","2009/01/28 19:00:00","","",False
11,6,1,2,"2009/01/28","2009/01/28 18:00:00","2009/01/28 19:00:00","","",False
11,20,3,2,"2009/01/29","2009/01/29 15:20:00","2009/01/29 16:20:00","","",False
11,20,3,1,"2009/01/29","2009/01/29 15:20:00","2009/01/29 16:20:00","","",False
11,20,1,2,"2009/01/29","2009/01/29 16:20:00","2009/01/29 17:20:00","","",False
11,20,1,1,"2009/01/29","2009/01/29 16:20:00","2009/01/29 17:20:00","","",False
11,3,3,2,"2009/01/30","2009/01/30 15:20:00","2009/01/30 16:20:00","","",False
11,20,3,1,"2009/01/30","2009/01/30 15:20:00","2009/01/30 16:20:00","","",False
11,20,1,1,"2009/01/30","2009/01/30 16:20:00","2009/01/30 17:20:00","","",False
11,3,1,2,"2009/01/30","2009/01/30 16:20:00","2009/01/30 17:20:00","","",False
11,6,3,2,"2009/01/31","2009/01/31 10:00:00","2009/01/31 17:00:00","","",False
11,6,3,1,"2009/01/31","2009/01/31 10:00:00","2009/01/31 17:00:00","äOèoâÓèï","",False
12,3,3,1,"2009/01/18","2009/01/18 10:00:00","2009/01/18 15:00:00","","",False
12,3,3,2,"2009/01/18","2009/01/18 10:00:00","2009/01/18 15:00:00","","",False
13,9,3,1,"2009/01/08","2009/01/08 10:00:00","2009/01/08 14:00:00","é‘Ç¢Ç∑¿ﬁ›Ωé©ëÓÇ©ÇÁé©ëÓ íãêHÇ†ÇË ëóå}é–í∑","",False
13,9,3,2,"2009/01/08","2009/01/08 10:00:00","2009/01/08 14:00:00","","",False
13,9,1,2,"2009/01/10","2009/01/10 14:00:00","2009/01/10 17:00:00","","",False
13,9,1,1,"2009/01/10","2009/01/10 14:00:00","2009/01/10 17:00:00"," ﬂ›çÏÇË","",False
13,9,3,1,"2009/01/15","2009/01/15 10:00:00","2009/01/15 12:00:00","Ç–Ç∆Ç›êÊê∂é‘Ç¢Ç∑¿ﬁ›Ω íãêHÇ†ÇË ïÍëóå}","",False
13,9,3,2,"2009/01/15","2009/01/15 10:00:00","2009/01/15 12:00:00","","",False
13,5,3,1,"2009/01/22","2009/01/22 10:00:00","2009/01/22 12:00:00","é©ëÓÇ©ÇÁé©ëÓ íãêHÇ†ÇË é‘Ç¢Ç∑¿ﬁ›Ω ëóå}é–í∑ 12:00-14:00ÇÕåFìcÇ≥ÇÒÇ∆åë„Ç∑ÇÈ°èWåvï\ÇÕ24ì˙ÇÃ12:00-14:00","",False
13,5,3,2,"2009/01/22","2009/01/22 10:00:00","2009/01/22 12:00:00","","",False
13,9,3,2,"2009/01/24","2009/01/24 12:00:00","2009/01/24 14:00:00","","",False
13,9,3,1,"2009/01/24","2009/01/24 12:00:00","2009/01/24 14:00:00","22ì˙ÇÃêHéñïtìYï™","",False
13,9,1,1,"2009/01/24","2009/01/24 14:00:00","2009/01/24 17:00:00","óøóù","",False
13,9,1,2,"2009/01/24","2009/01/24 14:00:00","2009/01/24 17:00:00","","",False
13,9,3,2,"2009/01/29","2009/01/29 10:00:00","2009/01/29 14:00:00","","",False
13,9,3,1,"2009/01/29","2009/01/29 10:00:00","2009/01/29 14:00:00","é©ëÓÇ©ÇÁé©ëÓ íãêHÇ†ÇË é‘Ç¢Ç∑¿ﬁ›Ω ëóå}é–í∑","",False
14,3,3,2,"2009/01/08","2009/01/08 15:30:00","2009/01/08 17:00:00","","",False
14,3,3,1,"2009/01/08","2009/01/08 15:30:00","2009/01/08 17:00:00","","",False
14,3,3,2,"2009/01/15","2009/01/15 15:30:00","2009/01/15 17:00:00","","",False
14,3,3,1,"2009/01/15","2009/01/15 15:30:00","2009/01/15 17:00:00","","",False
14,3,3,1,"2009/01/22","2009/01/22 15:30:00","2009/01/22 17:00:00","","",False
14,3,3,2,"2009/01/22","2009/01/22 15:30:00","2009/01/22 17:00:00","","",False
15,8,52,2,"2009/01/05","2009/01/05 09:30:00","2009/01/05 10:30:00","","",False
15,8,52,1,"2009/01/05","2009/01/05 09:30:00","2009/01/05 10:30:00","ë|èú","",False
15,23,53,2,"2009/01/08","2009/01/08 17:30:00","2009/01/08 19:00:00","","",True
15,23,53,1,"2009/01/08","2009/01/08 17:30:00","2009/01/08 19:00:00","éxâáîÔëŒâû äOïóòC","",True
15,8,53,2,"2009/01/10","2009/01/10 09:00:00","2009/01/10 11:00:00","","",False
15,8,53,1,"2009/01/10","2009/01/10 09:00:00","2009/01/10 11:00:00","","",False
15,8,52,1,"2009/01/12","2009/01/12 09:30:00","2009/01/12 10:30:00","ë|èú","",False
15,8,52,2,"2009/01/12","2009/01/12 09:30:00","2009/01/12 10:30:00","","",False
15,8,53,2,"2009/01/14","2009/01/14 15:00:00","2009/01/14 16:00:00","","",False
15,8,53,1,"2009/01/14","2009/01/14 15:00:00","2009/01/14 16:00:00","","",False
15,23,53,1,"2009/01/15","2009/01/15 17:30:00","2009/01/15 19:00:00","éxâáîÔëŒâû äOïóòC","",True
15,23,53,2,"2009/01/15","2009/01/15 17:30:00","2009/01/15 19:00:00","","",True
15,8,52,2,"2009/01/19","2009/01/19 09:30:00","2009/01/19 10:30:00","","",False
15,8,52,1,"2009/01/19","2009/01/19 09:30:00","2009/01/19 10:30:00","ë|èú","",False
15,8,53,1,"2009/01/19","2009/01/19 14:30:00","2009/01/19 17:30:00","","",False
15,8,53,2,"2009/01/19","2009/01/19 14:30:00","2009/01/19 17:30:00","","",False
15,23,53,2,"2009/01/22","2009/01/22 17:30:00","2009/01/22 19:00:00","","",True
15,23,53,1,"2009/01/22","2009/01/22 17:30:00","2009/01/22 19:00:00","éxâáîÔëŒâû äOïóòC","",True
15,8,53,1,"2009/01/25","2009/01/25 09:30:00","2009/01/25 12:00:00","","",False
15,8,53,2,"2009/01/25","2009/01/25 09:30:00","2009/01/25 12:00:00","","",False
15,8,52,2,"2009/01/26","2009/01/26 09:30:00","2009/01/26 10:30:00","","",False
15,8,52,1,"2009/01/26","2009/01/26 09:30:00","2009/01/26 10:30:00","ë|èú","",False
15,23,53,1,"2009/01/29","2009/01/29 17:30:00","2009/01/29 19:00:00","éxâáîÔëŒâû äOïóòC","",True
15,23,53,2,"2009/01/29","2009/01/29 17:30:00","2009/01/29 19:00:00","","",True
16,32,3,2,"2009/01/19","2009/01/19 10:00:00","2009/01/19 16:00:00","","",False
16,32,3,1,"2009/01/19","2009/01/19 10:00:00","2009/01/19 16:00:00","","",False
16,3,3,1,"2009/01/24","2009/01/24 10:00:00","2009/01/24 16:00:00","","",False
16,3,3,2,"2009/01/24","2009/01/24 10:00:00","2009/01/24 16:00:00","","",False
16,3,3,2,"2009/01/31","2009/01/31 10:00:00","2009/01/31 16:00:00","","",False
16,3,3,1,"2009/01/31","2009/01/31 10:00:00","2009/01/31 16:00:00","","",False
18,32,3,1,"2009/01/06","2009/01/06 11:00:00","2009/01/06 17:00:00","","",False
18,32,3,2,"2009/01/06","2009/01/06 11:00:00","2009/01/06 17:00:00","","",False
18,32,1,2,"2009/01/06","2009/01/06 17:00:00","2009/01/06 19:00:00","","",False
18,32,1,1,"2009/01/06","2009/01/06 17:00:00","2009/01/06 19:00:00","","",False
18,3,3,1,"2009/01/10","2009/01/10 10:00:00","2009/01/10 17:00:00","","",False
18,3,3,2,"2009/01/10","2009/01/10 10:00:00","2009/01/10 17:00:00","","",False
18,3,1,2,"2009/01/10","2009/01/10 17:00:00","2009/01/10 19:00:00","","",False
18,3,1,1,"2009/01/10","2009/01/10 17:00:00","2009/01/10 19:00:00","","",False
18,3,3,2,"2009/01/11","2009/01/11 10:30:00","2009/01/11 15:30:00","","",False
18,3,3,1,"2009/01/11","2009/01/11 10:30:00","2009/01/11 15:30:00","","",False
18,3,1,1,"2009/01/11","2009/01/11 15:30:00","2009/01/11 17:30:00","","",False
18,3,1,2,"2009/01/11","2009/01/11 15:30:00","2009/01/11 17:30:00","","",False
18,3,3,2,"2009/01/17","2009/01/17 10:00:00","2009/01/17 17:00:00","","",False
18,3,3,1,"2009/01/17","2009/01/17 10:00:00","2009/01/17 17:00:00","","",False
18,3,1,1,"2009/01/17","2009/01/17 17:00:00","2009/01/17 19:00:00","","",False
18,3,1,2,"2009/01/17","2009/01/17 17:00:00","2009/01/17 19:00:00","","",False
18,5,3,2,"2009/01/18","2009/01/18 11:00:00","2009/01/18 16:00:00","","",False
18,5,3,1,"2009/01/18","2009/01/18 11:00:00","2009/01/18 16:00:00","","",False
18,5,1,2,"2009/01/18","2009/01/18 16:00:00","2009/01/18 18:00:00","","",False
18,5,1,1,"2009/01/18","2009/01/18 16:00:00","2009/01/18 18:00:00","","",False
18,32,3,1,"2009/01/31","2009/01/31 10:00:00","2009/01/31 17:00:00","","",False
18,32,3,2,"2009/01/31","2009/01/31 10:00:00","2009/01/31 17:00:00","","",False
18,32,1,2,"2009/01/31","2009/01/31 17:00:00","2009/01/31 19:00:00","","",False
18,32,1,1,"2009/01/31","2009/01/31 17:00:00","2009/01/31 19:00:00","","",False
20,3,1,1,"2009/01/09","2009/01/09 18:00:00","2009/01/09 19:30:00","","",False
20,3,1,2,"2009/01/09","2009/01/09 18:00:00","2009/01/09 19:30:00","","",False
20,5,3,2,"2009/01/10","2009/01/10 11:00:00","2009/01/10 15:30:00","","",False
20,5,3,1,"2009/01/10","2009/01/10 11:00:00","2009/01/10 15:30:00","","",False
20,3,1,1,"2009/01/11","2009/01/11 18:30:00","2009/01/11 19:30:00","","",False
20,3,1,2,"2009/01/11","2009/01/11 18:30:00","2009/01/11 19:30:00","","",False
20,3,1,2,"2009/01/14","2009/01/14 19:30:00","2009/01/14 21:00:00","","",False
20,3,1,1,"2009/01/14","2009/01/14 19:30:00","2009/01/14 20:30:00","","",False
20,3,1,1,"2009/01/16","2009/01/16 18:00:00","2009/01/16 19:30:00","","",False
20,3,1,2,"2009/01/16","2009/01/16 18:00:00","2009/01/16 19:30:00","","",False
20,5,3,2,"2009/01/17","2009/01/17 11:00:00","2009/01/17 15:30:00","","",False
20,5,3,1,"2009/01/17","2009/01/17 11:00:00","2009/01/17 15:30:00","","",False
20,3,1,2,"2009/01/18","2009/01/18 18:30:00","2009/01/18 19:30:00","","",False
20,3,1,1,"2009/01/18","2009/01/18 18:30:00","2009/01/18 19:30:00","","",False
20,32,1,1,"2009/01/21","2009/01/21 19:30:00","2009/01/21 20:30:00","","",False
20,32,1,2,"2009/01/21","2009/01/21 19:30:00","2009/01/21 21:00:00","","",False
20,3,1,2,"2009/01/23","2009/01/23 18:00:00","2009/01/23 19:30:00","","",False
20,3,1,1,"2009/01/23","2009/01/23 18:00:00","2009/01/23 19:30:00","","",False
20,6,3,1,"2009/01/24","2009/01/24 11:00:00","2009/01/24 15:30:00","","",False
20,6,3,2,"2009/01/24","2009/01/24 11:00:00","2009/01/24 15:30:00","","",False
20,3,1,2,"2009/01/25","2009/01/25 18:30:00","2009/01/25 19:30:00","","",False
20,3,1,1,"2009/01/25","2009/01/25 18:30:00","2009/01/25 19:30:00","","",False
20,32,1,1,"2009/01/28","2009/01/28 19:30:00","2009/01/28 20:30:00","","",False
20,32,1,2,"2009/01/28","2009/01/28 19:30:00","2009/01/28 21:00:00","","",False
20,3,1,2,"2009/01/30","2009/01/30 18:00:00","2009/01/30 19:30:00","","",False
20,3,1,1,"2009/01/30","2009/01/30 18:00:00","2009/01/30 19:30:00","","",False
20,5,3,1,"2009/01/31","2009/01/31 11:00:00","2009/01/31 15:30:00","","",False
20,5,3,2,"2009/01/31","2009/01/31 11:00:00","2009/01/31 15:30:00","","",False
22,3,3,2,"2009/01/06","2009/01/06 15:30:00","2009/01/06 16:30:00","","",False
22,3,3,1,"2009/01/06","2009/01/06 15:30:00","2009/01/06 16:30:00","","",False
22,32,3,1,"2009/01/09","2009/01/09 15:30:00","2009/01/09 16:30:00","","",False
22,32,3,2,"2009/01/09","2009/01/09 15:30:00","2009/01/09 16:30:00","","",False
22,32,3,2,"2009/01/16","2009/01/16 15:30:00","2009/01/16 16:30:00","","",False
22,32,3,1,"2009/01/16","2009/01/16 15:30:00","2009/01/16 16:30:00","","",False
22,3,3,1,"2009/01/20","2009/01/20 15:30:00","2009/01/20 16:30:00","","",False
22,3,3,2,"2009/01/20","2009/01/20 15:30:00","2009/01/20 16:30:00","","",False
22,32,3,2,"2009/01/27","2009/01/27 15:30:00","2009/01/27 16:30:00","","",False
22,3,3,1,"2009/01/27","2009/01/27 15:30:00","2009/01/27 16:30:00","","",False
22,32,3,1,"2009/01/30","2009/01/30 15:30:00","2009/01/30 16:30:00","","",False
23,3,53,1,"2009/01/04","2009/01/04 12:00:00","2009/01/04 17:00:00","äOèoâÓåÏ","",False
23,3,53,2,"2009/01/04","2009/01/04 12:00:00","2009/01/04 17:00:00","","",False
23,3,51,2,"2009/01/04","2009/01/04 20:00:00","2009/01/04 20:30:00","","",False
23,3,51,1,"2009/01/04","2009/01/04 20:00:00","2009/01/04 20:30:00","ñÈä‘µ—¬ëŒâû","",False
23,6,51,2,"2009/01/06","2009/01/06 20:00:00","2009/01/06 20:30:00","","",False
23,6,51,1,"2009/01/06","2009/01/06 20:00:00","2009/01/06 20:30:00","","",False
23,3,51,2,"2009/01/11","2009/01/11 20:00:00","2009/01/11 20:30:00","","",False
23,3,51,1,"2009/01/11","2009/01/11 20:00:00","2009/01/11 20:30:00","ñÈä‘µ—¬ëŒâû","",False
23,3,51,2,"2009/01/13","2009/01/13 20:00:00","2009/01/13 20:30:00","","",False
23,3,51,1,"2009/01/13","2009/01/13 20:00:00","2009/01/13 20:30:00","","",False
23,8,51,1,"2009/01/14","2009/01/14 20:00:00","2009/01/14 20:30:00","","",False
23,8,51,2,"2009/01/14","2009/01/14 20:00:00","2009/01/14 20:30:00","","",False
23,31,53,2,"2009/01/15","2009/01/15 14:00:00","2009/01/15 17:00:00","","",False
23,31,53,1,"2009/01/15","2009/01/15 14:00:00","2009/01/15 17:00:00","","",False
23,8,51,2,"2009/01/16","2009/01/16 20:00:00","2009/01/16 20:30:00","","",False
23,8,51,1,"2009/01/16","2009/01/16 20:00:00","2009/01/16 20:30:00","15ì˙ÇÃï◊ã≠âÔÇÃÇΩÇﬂÇ…ÕŸÃﬂÇñ{ì˙Ç…ïœçXÇµÇƒÇ¢ÇΩÇæÇ¢ÇΩ","",False
23,31,53,2,"2009/01/17","2009/01/17 10:00:00","2009/01/17 17:00:00","","",False
23,31,53,1,"2009/01/17","2009/01/17 10:00:00","2009/01/17 17:00:00","","",False
23,3,51,1,"2009/01/18","2009/01/18 20:00:00","2009/01/18 20:30:00","ñÈä‘µ—¬ëŒâû","",False
23,3,51,2,"2009/01/18","2009/01/18 20:00:00","2009/01/18 20:30:00","","",False
23,6,51,2,"2009/01/20","2009/01/20 20:00:00","2009/01/20 20:30:00","","",False
23,6,51,1,"2009/01/20","2009/01/20 20:00:00","2009/01/20 20:30:00","","",False
23,8,51,1,"2009/01/21","2009/01/21 20:00:00","2009/01/21 20:30:00","","",False
23,8,51,2,"2009/01/21","2009/01/21 20:00:00","2009/01/21 20:30:00","","",False
23,31,53,1,"2009/01/22","2009/01/22 14:00:00","2009/01/22 17:00:00","","",False
23,31,53,2,"2009/01/22","2009/01/22 14:00:00","2009/01/22 17:00:00","","",False
23,8,51,2,"2009/01/22","2009/01/22 20:00:00","2009/01/22 20:30:00","","",False
23,8,51,1,"2009/01/22","2009/01/22 20:00:00","2009/01/22 20:30:00","","",False
23,32,53,1,"2009/01/24","2009/01/24 10:00:00","2009/01/24 17:00:00","","",False
23,32,53,2,"2009/01/24","2009/01/24 10:00:00","2009/01/24 17:00:00","","",False
23,3,51,1,"2009/01/25","2009/01/25 20:00:00","2009/01/25 20:30:00","ñÈä‘µ—¬ëŒâû","",False
23,3,51,2,"2009/01/25","2009/01/25 20:00:00","2009/01/25 20:30:00","","",False
23,31,53,1,"2009/01/29","2009/01/29 14:00:00","2009/01/29 17:00:00","","",False
23,31,53,2,"2009/01/29","2009/01/29 14:00:00","2009/01/29 17:00:00","","",False
23,8,51,2,"2009/01/29","2009/01/29 20:00:00","2009/01/29 20:30:00","","",False
23,8,51,1,"2009/01/29","2009/01/29 20:00:00","2009/01/29 20:30:00","","",False
24,31,3,1,"2009/01/06","2009/01/06 13:00:00","2009/01/06 15:00:00","","",False
24,31,3,2,"2009/01/06","2009/01/06 13:00:00","2009/01/06 15:00:00","","",False
24,1,3,2,"2009/01/07","2009/01/07 09:00:00","2009/01/07 13:00:00","Ç®íãå‰î—Ç†ÇË","",True
24,1,3,1,"2009/01/07","2009/01/07 09:00:00","2009/01/07 13:00:00","11:30Ç…Ç«ÇÒÇÆÇËÇ…Çƒïõé–í∑Ç∆åë„ëóå}ïõé–í∑","",False
24,5,3,1,"2009/01/08","2009/01/08 13:00:00","2009/01/08 15:30:00","äwçZénÇ‹ÇÈ ïÍëóå}Ç∑ÇÈ°ÕŸ ﬂ∞Ç≥ÇÒÇÕ13:00é©ëÓ","ìñì˙∑¨›æŸ",False
24,31,3,1,"2009/01/09","2009/01/09 13:00:00","2009/01/09 16:00:00","ïÍëóå}Ç∑ÇÈ°ÕŸ ﬂ∞Ç≥ÇÒÇÕ13:00é©ëÓ","",False
24,31,3,2,"2009/01/09","2009/01/09 13:00:00","2009/01/09 16:00:00","","",False
24,9,3,2,"2009/01/15","2009/01/15 14:50:00","2009/01/15 16:20:00","","",False
24,9,3,1,"2009/01/15","2009/01/15 14:50:00","2009/01/15 16:20:00","","",False
24,31,3,1,"2009/01/16","2009/01/16 15:20:00","2009/01/16 16:20:00","","",False
24,31,3,2,"2009/01/16","2009/01/16 15:20:00","2009/01/16 16:20:00","","",False
24,31,3,1,"2009/01/20","2009/01/20 14:50:00","2009/01/20 16:20:00","","",False
24,31,3,2,"2009/01/20","2009/01/20 14:50:00","2009/01/20 16:20:00","ìñì˙∑¨›æŸ","",False
24,9,3,1,"2009/01/22","2009/01/22 14:50:00","2009/01/22 16:20:00","","",False
24,9,3,2,"2009/01/22","2009/01/22 14:50:00","2009/01/22 16:20:00","","",False
24,31,3,2,"2009/01/23","2009/01/23 15:20:00","2009/01/23 16:20:00","","",False
24,31,3,1,"2009/01/23","2009/01/23 15:20:00","2009/01/23 16:20:00","","",False
24,31,3,1,"2009/01/25","2009/01/25 13:00:00","2009/01/25 17:00:00","","",False
24,31,3,2,"2009/01/25","2009/01/25 13:00:00","2009/01/25 17:00:00","","",False
24,31,3,2,"2009/01/27","2009/01/27 14:45:00","2009/01/27 16:20:00","","",False
24,31,3,1,"2009/01/27","2009/01/27 14:50:00","2009/01/27 16:20:00","","",False
24,9,3,2,"2009/01/29","2009/01/29 14:50:00","2009/01/29 16:20:00","","",False
24,9,3,1,"2009/01/29","2009/01/29 14:50:00","2009/01/29 16:20:00","","",False
24,31,3,1,"2009/01/30","2009/01/30 15:20:00","2009/01/30 16:20:00","","",False
24,31,3,2,"2009/01/30","2009/01/30 15:20:00","2009/01/30 16:20:00","","",False
25,2,3,2,"2009/01/09","2009/01/09 09:00:00","2009/01/09 10:00:00","","",False
25,2,3,1,"2009/01/09","2009/01/09 09:00:00","2009/01/09 10:00:00","","",False
25,2,3,1,"2009/01/09","2009/01/09 15:30:00","2009/01/09 16:30:00","","",False
25,2,3,2,"2009/01/09","2009/01/09 15:30:00","2009/01/09 16:30:00","","",False
25,32,3,1,"2009/01/10","2009/01/10 10:00:00","2009/01/10 15:00:00","","",False
25,32,3,2,"2009/01/10","2009/01/10 10:00:00","2009/01/10 15:00:00","","",False
25,32,3,1,"2009/01/17","2009/01/17 11:00:00","2009/01/17 15:00:00","","",False
25,32,3,2,"2009/01/17","2009/01/17 11:00:00","2009/01/17 15:00:00","","",False
26,2,51,2,"2009/01/06","2009/01/06 10:00:00","2009/01/06 10:30:00","","",False
26,2,51,1,"2009/01/06","2009/01/06 10:00:00","2009/01/06 10:30:00","ãLò^09:00-10:00í√ìcà„â@ëóÇË","",False
26,3,51,1,"2009/01/06","2009/01/06 11:30:00","2009/01/06 12:00:00","í√ìcà„â@å}Ç¶Å®é©ëÓëóÇË","",False
26,3,51,2,"2009/01/06","2009/01/06 11:30:00","2009/01/06 12:00:00","","",False
26,5,52,2,"2009/01/06","2009/01/06 12:30:00","2009/01/06 13:30:00","","",False
26,5,52,1,"2009/01/06","2009/01/06 12:30:00","2009/01/06 13:30:00","","",False
26,5,52,2,"2009/01/07","2009/01/07 12:00:00","2009/01/07 13:00:00","","",False
26,5,52,1,"2009/01/07","2009/01/07 12:00:00","2009/01/07 13:00:00","","",False
26,2,51,2,"2009/01/09","2009/01/09 10:00:00","2009/01/09 10:30:00","","",False
26,2,51,1,"2009/01/09","2009/01/09 10:00:00","2009/01/09 10:30:00","ãLò^09:00-10:00í√ìcà„â@ëóÇË","",False
26,3,51,1,"2009/01/09","2009/01/09 11:30:00","2009/01/09 12:00:00","í√ìcà„â@å}Ç¶Å®é©ëÓëóÇË","",False
26,3,51,2,"2009/01/09","2009/01/09 11:30:00","2009/01/09 12:00:00","","",False
26,2,51,2,"2009/01/09","2009/01/09 14:30:00","2009/01/09 15:00:00","","",False
26,2,51,1,"2009/01/09","2009/01/09 14:30:00","2009/01/09 15:00:00","ê¬ñÿëóÇË","",False
26,2,51,2,"2009/01/13","2009/01/13 10:00:00","2009/01/13 10:30:00","","",False
26,2,51,1,"2009/01/13","2009/01/13 10:00:00","2009/01/13 10:30:00","ãLò^09:00-10:00í√ìcà„â@ëóÇË","",False
26,3,51,1,"2009/01/13","2009/01/13 11:30:00","2009/01/13 12:00:00","í√ìcà„â@å}Ç¶Å®é©ëÓëóÇË","",False
26,3,51,2,"2009/01/13","2009/01/13 11:30:00","2009/01/13 12:00:00","","",False
26,5,52,2,"2009/01/13","2009/01/13 12:30:00","2009/01/13 13:30:00","","",False
26,5,52,1,"2009/01/13","2009/01/13 12:30:00","2009/01/13 13:30:00","","",False
26,1,51,1,"2009/01/13","2009/01/13 14:30:00","2009/01/13 15:00:00","ê¬ñÿëóÇË","",False
26,1,51,2,"2009/01/13","2009/01/13 14:30:00","2009/01/13 15:00:00","","",False
26,5,52,2,"2009/01/14","2009/01/14 12:00:00","2009/01/14 13:00:00","","",False
26,5,52,1,"2009/01/14","2009/01/14 12:00:00","2009/01/14 13:00:00","","",False
26,2,51,1,"2009/01/14","2009/01/14 14:30:00","2009/01/14 15:00:00","ê¬ñÿëóÇË","",False
26,2,51,2,"2009/01/14","2009/01/14 14:30:00","2009/01/14 15:00:00","","",False
26,5,52,2,"2009/01/15","2009/01/15 12:00:00","2009/01/15 13:00:00","","",False
26,5,52,1,"2009/01/15","2009/01/15 12:00:00","2009/01/15 13:00:00","","",False
26,2,51,2,"2009/01/19","2009/01/19 14:30:00","2009/01/19 15:00:00","","",False
26,2,51,1,"2009/01/19","2009/01/19 14:30:00","2009/01/19 15:00:00","ê¬ñÿëóÇË","",False
26,2,51,2,"2009/01/20","2009/01/20 10:00:00","2009/01/20 10:30:00","","",False
26,2,51,1,"2009/01/20","2009/01/20 10:00:00","2009/01/20 10:30:00","ãLò^09:00-10:00í√ìcà„â@ëóÇË","",False
26,2,51,1,"2009/01/20","2009/01/20 11:30:00","2009/01/20 12:00:00","í√ìcà„â@å}Ç¶Å®é©ëÓëóÇË","",False
26,2,51,2,"2009/01/20","2009/01/20 11:30:00","2009/01/20 12:00:00","","",False
26,25,52,2,"2009/01/20","2009/01/20 12:30:00","2009/01/20 13:30:00","","",False
26,25,52,1,"2009/01/20","2009/01/20 12:30:00","2009/01/20 13:30:00","Ç±ÇÃì˙èâÇﬂÇƒì¸ÇÈÇÃÇ≈(ç≤ñÏ)ìØçsÇ∑ÇÈ 12éûé©ëÓ","",False
26,25,52,1,"2009/01/21","2009/01/21 12:00:00","2009/01/21 13:00:00","","",False
26,25,52,2,"2009/01/21","2009/01/21 12:00:00","2009/01/21 13:00:00","","",False
26,2,51,2,"2009/01/21","2009/01/21 14:30:00","2009/01/21 15:00:00","","",False
26,2,51,1,"2009/01/21","2009/01/21 14:30:00","2009/01/21 15:00:00","ê¬ñÿëóÇË","",False
26,25,52,1,"2009/01/22","2009/01/22 12:00:00","2009/01/22 13:00:00","","",False
26,25,52,2,"2009/01/22","2009/01/22 12:00:00","2009/01/22 13:00:00","","",False
26,2,51,2,"2009/01/23","2009/01/23 10:00:00","2009/01/23 10:30:00","","",False
26,2,51,1,"2009/01/23","2009/01/23 10:00:00","2009/01/23 10:30:00","ãLò^09:00-10:00í√ìcà„â@ëóÇË","",False
26,3,51,1,"2009/01/23","2009/01/23 11:30:00","2009/01/23 12:00:00","í√ìcà„â@å}Ç¶Å®é©ëÓëóÇË","",False
26,3,51,2,"2009/01/23","2009/01/23 11:30:00","2009/01/23 12:00:00","","",False
26,2,51,1,"2009/01/26","2009/01/26 14:30:00","2009/01/26 15:00:00","ê¬ñÿëóÇË","",False
26,2,51,2,"2009/01/26","2009/01/26 14:30:00","2009/01/26 15:00:00","","",False
26,2,51,2,"2009/01/27","2009/01/27 10:00:00","2009/01/27 10:30:00","","",False
26,2,51,1,"2009/01/27","2009/01/27 10:00:00","2009/01/27 10:30:00","ãLò^09:00-10:00í√ìcà„â@ëóÇË","",False
26,3,51,1,"2009/01/27","2009/01/27 11:30:00","2009/01/27 12:00:00","í√ìcà„â@å}Ç¶Å®é©ëÓëóÇË","",False
26,3,51,2,"2009/01/27","2009/01/27 11:30:00","2009/01/27 12:00:00","","",False
26,25,52,2,"2009/01/27","2009/01/27 12:30:00","2009/01/27 13:30:00","","",False
26,25,52,1,"2009/01/27","2009/01/27 12:30:00","2009/01/27 13:30:00","","",False
26,25,52,1,"2009/01/28","2009/01/28 12:00:00","2009/01/28 13:00:00","","",False
26,25,52,2,"2009/01/28","2009/01/28 12:00:00","2009/01/28 13:00:00","","",False
26,2,51,2,"2009/01/28","2009/01/28 14:30:00","2009/01/28 15:00:00","","",False
26,2,51,1,"2009/01/28","2009/01/28 14:30:00","2009/01/28 15:00:00","ê¬ñÿëóÇË","",False
26,25,52,2,"2009/01/29","2009/01/29 12:00:00","2009/01/29 13:00:00","","",False
26,25,52,1,"2009/01/29","2009/01/29 12:00:00","2009/01/29 13:00:00","","",False
26,2,51,1,"2009/01/30","2009/01/30 10:00:00","2009/01/30 10:30:00","ãLò^09:00-10:00í√ìcà„â@ëóÇË","",False
26,2,51,2,"2009/01/30","2009/01/30 10:00:00","2009/01/30 10:30:00","","",False
26,3,51,2,"2009/01/30","2009/01/30 11:30:00","2009/01/30 12:00:00","","",False
26,3,51,1,"2009/01/30","2009/01/30 11:30:00","2009/01/30 12:00:00","í√ìcà„â@å}Ç¶Å®é©ëÓëóÇË","",False
26,2,51,1,"2009/01/30","2009/01/30 14:30:00","2009/01/30 15:00:00","ê¬ñÿëóÇË","",False
26,2,51,2,"2009/01/30","2009/01/30 14:30:00","2009/01/30 15:00:00","","",False
